name,type,review
메디스캔의원,내과,"굿
위내시경 장내시경 빠르고 친절하게 해주세요.
굿
친절하고 진료내용도 꼼꼼하게 설명해주시고 대기시간 짧고 최고예요.
친절하고 넓고 깨끗해요. 건물에 의원까지 한 번에 가는 엘베가 있어서 편해요.

강남역 직장인분들 이 병원이에요!!  와..네이버는 짧네요 아쉽다. 이 감동을 전해주고 싶었서 카카오맵에서 리뷰쓰고 바로 달려왔는데, 이 감동을 전하
기에 400자는 너무 짧네요... 핵심만 간단하게 이야기하면 여기 엉동이 주사 진짜 예술입니다. 아니 살면서 이렇게 아무 느낌없는 아무 고통없는 근육주
사 처음 맞아봐요 밴드없었으면 주사 놓는 척만 했다고 의심할뻔~~~일단 병원 시설 좋고, 직원분들 다 친절하고, 전문의 있고, 선생님도 꼼꼼히 ...
모두 친절하십니다
굿
친절해여
저녁에도 진료볼 수 있고, 의사선생님도 진짜 친절하시고, 대기시간도 짧고 최고예요. 주변에도 추천했어요.
모든분들이 친절하세요
전문적이고 체계적이라 좋아요. 진료비는 다른 병원에 비해 비싼 편이에요. 내과인데 예약 가능해서 좋아용
좋음
굿
친절해요
모든 쌤들이 친절하셔서 건강검진 편하게 잘 받았어요~
메디스캔병원 건강검진 전문병원인데
빠르게 검진절차를 진행해줘서
넘좋았습니다
굿
친절한 진료
병원이 깨끗하고요 의사 선생님과 간호사분들 친절하고 좋습니다 감사합니다~^^
다들 친절하시고 검사나 모든것이 빨리 잘 진행되었습니다.

공단검진 암검진대상자라서 오늘 여기서 검사하고 복귀하면서 영수증 리뷰 합니다. 병원 위치 20층이고 전용 엘베가 있어서 빠르게 이용이가능했어요 그리고 신속하게 검진 해 줄수 있게 많은 분들이 빠르게 안내하고 도움을 주는등 마음에 들었어요
굿
퇴근후 야간진료 받을 수 있어 약처방 및 검사가 가능해서 종종 이용하고 있어요! 굿럭~~
좋아요
직원분들 친절해요

참 기분나쁜 경험을 했네요 갑상선 저하로 3개월에 한번씩 피검사를 하는데 평소보다 검사비용이 조금더 나왔길래 뭐가 추가됫는지 물었고 진료봐주신 
""신효경"" 원장님이 다시 진료실로 부르더군요 지난번 결과의 원인을 찾기위해 갑상선 항체검사를 추가했다며 오로지 비용에만 포커스를 맞추면서 ""비용
이 많이 차이가 났나요?""  ""비용이 부담되면 항목을 빼드릴까요?"" 라더군요 그저 어디가 안좋아서 검사를 더 추가한건지 걱정되서 물었는데 돈때...
친절해요
친절해요
굿
굿
좋아요 또 이용할께요~~
친절해요
집에서 가까운 편이라 종종 이용합니다.
친절하고 잘해요
친절해요
굿
다들 친절하시고 대기 길지않고 빠르게 진료볼 수 있어서 좋아요
다들 친절하시고 대기 길지않고 빠르게 진료볼 수 있어서 좋아요
굿
원장님 직원분들 !! 너무 친절해요 !!
친절한 병원
종류많아요
최첨단 의료기기 빵빵ㅎㅎ세심하고 꼼꼼하게 판독해주어 매번 건강검진해요ㅡ다른 검사들도 할인폭이 많아 병원 온 김에 추가검사해요ㅡ예방의학이 최고ㅡ위염 진단받아 내년 8월. 니ㅐ시경도 예약하고 갑니다*~
뒤에 건물에 있는 회사 다니는데 접근성이 좋고 병원이 크고 의사가 아주 많음!! 그래서 큰 병원인 메디스캔을 다니는것 같음~~ 단, 만성질환 환자들 단순 처방은 좀 빠르게 진료가 되었음 하는 바램!! 
채용건강검진차 방문, 강남 한복판에 있어 접근성도 좋고 시설도 넓고 깨끗해 좋았습니다 (소변참고 가는거 추천, 채용검진시)

병원이 깔끔하고 큽니다, 초음파 영상 전문 의사가 꼼꼼히 해주시고 좋았습니다
친절해요
친절해요
집과 가까워서 종종 방문합니다.
좋아요
친절해요

친절해요
빠르게 진료볼수 있어서 좋았어용👍
초음파 영상의학과 전문의가 직접 검사하고 적절한 코멘트까지 알려주시는등 전문적인곳이에요
내시경 대기시간이 좀 길긴 했지만 친절한 응대와 검진에 대한 의사들의 적극적인 자세가 마음에 들었다.
단순진료 보러 절대 가지 마세요 최악
아픈 증상 말했더니 배 한 10초? 눌러봤나 내시경 검사 같은거나 유도하려고 하고 총 진료 본거 1분정도 되는 듯 ㅋㅋ 의사 아니어도 할 수 있는 얘기만 하고 검사 나중에 꼭 해보세요~ 라는 등의 말만 하곸ㅋㅋㅋ 돈 되는 환자 아니면 빨리 보내는 느낌 확 남
친절한 안내 와 설명을 듣고 편안하게 검진을 받았습니다
좋아요
간단 진료 받을때 갑니다.
친절하고 깔끔합니다.
국가에서 해주는 건강검진 받으러 온 사람들은 진료실 대기가 좀 많이 긴 느낌이에요.
제가 혈관이 약한편이라 딴병원에선 주사바늘만 열번가까이 꽂았다빼고 수액공포증이 생길정돈데 여긴 한방에 놔줘서 수액은 항상 여기서 맞아요, 점심시간 이용해서 맞았을때 시간이없어서 재촉했는데도 너무 친절하고 우산도빌려주셔서 감동했어요, 너무 재촉한게 죄송하네요ㅜㅜ 주사진짜 잘놔주세영
원장님이 친짜 사람이 좋으셔서 건강검진 없어서 다니고 싶네요ㅎㅎㅎ 늘 감사합니다!
아쉽다 ㅠㅠㅠㅠㅠㅠㅠ
데스크랑 간호선생님들께소 너무 친절하게 응대해 주시고 답변해 주셔서 좋았습니다!! 원장님께서도 바쁘셔도 섬세하게 봐주시고 너무 감사합니다!
건강검진 일년에 한번씩 방문해요. 내시경 대기가 너무 길~~~~~어요. 그래도 유방 자궁 내시경 한꺼번에 가능해서 좋습니다.
비타민.영양주사 자꾸 권하셔서 조금 부담스럽..  
좋아요 또 이용할께요
대기시간이 짧아요

건강검진을 하는 병원이라 일반 외래진료가도 정밀검사 권유하시는게ㅠ있어요
남선생님 늘 환자편에서 생각하고 자세하게 이야기해주셔서 감사합니다.
좋아요
복통으로 내원해서 피검사 초음파했어요!! 진료 및 초음파 여의사 선생님들 모두 친절했고 병원이 아~~~~~주 깨끗해요!!!~~~
깨끗하고 좋았읍니다 개선할점은 잘모로겠어요 진료 잘받았어요
굿
매우만족입니다~~~
직원이 많고 빠른진료
기다리는 사람 한명도 없는데 노느라 검사를 안해줘요 ㅎㅎ 계속 기다리다가 얘기하니까 그때서야 엑스레이 촬영 들어감.. 다신 안올듯
여의사쌤 정말 친절하시구 너무 좋았어요! 진찰해주시는것도 너무 좋았구 말씀해주시는것도 좋았습니당
메디스캔 모든 직원들의 열정적인 태도가 너무 멋지십니다.
친절하고 검진결과도 정확한 것 같습니다
일단 찾기가 매우 힘들었어요. 입구는 커피빈과 우리은행 사이에 있어요. 보안 문 같은거 들어서서 엘레베이터를 잡아야 했는데 좀 어렵게 느껴지기도 
했고 내려가는 거 잘못 탔다고 경비 아저씨가 소리질러서 별로였습니다…; 병원 들어가서는 어렵지는 않았어요. 다만 오후에 전화드렸을 때는 예약 안해
도 된다고 하셨는데 대기 있다고 안내 받으니 예약할 걸 그랬나 싶었어요. 하지만 대기실 의자가 굉장히 편했습니다. 의사 선생님과 다른 직원 분...
비싸다
항상검진합니다
규모가 커요
금식상태면 예약안했는데도 위내시경 당일에 해주는 곳이에요. 브레이크타임도 없고 늦게까지하고 친절하고 진짜 최고예요.
집 가까이에 건강검진센터가 있어서 편리해요
회사꺼는 선능, 삼성까지 가야하는데...
정기검진 혈압이 낮게 나와서 걱정...혈압 추적을  해봐야겠다

진절하고 정확한 검진 좋았습니다
건강검진 센타예요
친절해요
가깝고 매년가서 그냥 또 가요
직원분들 모두 친절하세요
건강검진 받기 편해요! 
좋아여~
깔끔하니 좋네요
좋아요 친절합니다
공단검진은 늘 여기에서 받고있어요~다들 친절하시고 원내도 넓고 쾌적해서 좋아요
굿
직원분들이 다 엄청 친절하세용
건강검진 국가에서 나오는거 하려고 갔는데 친절하시고 꼼꼼하세요. 이벤트로 혈액 검사도 서비스로 받았어요. 
굿
굿
굿
굿
어지러워서 방문.혈관못찾아서 피멍들을까봐무서웠는데 한방에끝 피검사하고 영양제 그리고 깔끔하고친절하고 물침대 짱편해서 꿀잠잤어요
좋아요
친절하시고 
늘 친절합니다"
연세거평의원,내과,"가다실9 2차 했는데 접종도 잘 해시고 3차 날짜도 정확히 집어주셔서 좋았습니다 :) 
독감주사 할인 이벤트 하길래 맞고 왔어요~ 대기도 거의 없고 안내도 척척 해주셔서 금방 받고 나왔네요~!

평소에 장이 안좋아서 장내미생물검사 검색하다가 여기 오게 됐는데요. 정말 그동안 왜 장이 안좋았는지 자세하게 알 수 있었습니다 ㅎㅎ 감사합니다
 회사 근처여서 편하게 내원하게 되는 곳입니다~ 항상 오실때마다 친절하게 잘 대해주세요 ㅎ
오오
굿
좋아요
종합건강검진 받고왔는데 원장님께서 검진 결과에 대해 자세히 설명해주셔서 좋았어요 ㅎㅎ 다음에도 여기서 받으려고요~
내부도 쾌적하고 관리가 잘 되어있는 것 같아요~ 진료 잘 받고 갑니다
위내시경 받으러왔는데 간호사분들도 너무 친절하시고 원장님도 좋으셔요ㅎ
가끔 방문하는 곳이에요^^
유방암 가족력이 있어서 혹시 몰라 유전자검사했어요 ㅠㅠㅠ 오래걸릴 줄 알았는데 피만 뽑으면 되는거라 반차쓰고 금방끝나서 좋았네요~~

날씨가 급 선선해지고 있는 것 같아서 완전히 쌀쌀해지기전에 독감 예방접종 맞고 왔어요!~ 9월 얼리버드 이벤트도 하고있어서 남편도 데려가서 맞추려고요ㅎㅎ
굿
good 
야근으로 맨날 축축 쳐져있었는데 영양수액 맞고 괜찮아졌어요!! 역시 수액맛집......ㅎ
건망증 때문에 치매 예방차원에서 검사 받았어요. 선생님 결과지 설명 꼼꼼하게 알려주셔서 감사드려요.^^
집앞의 주치의.  간호사 선생님들 항상 친절하고 편하게 해주세요! 영양부사도 저렴하고 항상 이벤트해서 좋아요! 아. 주사 안아프게 정말 잘~~
피곤한건지 뭔지 요즘 좀 누렇게 떠서 백옥주사 맞았는데 사진찍을때마다 환하게 나와서 좋네요 ㅎㅎㅎ 피부 밝아졌다는 말 많이 들었어요!!
1인실에서 비타민주사 맞으니까 조용하기도하고 편하고 좋네요~^^
며칠전에 대장내시경을 했음에도 장이 이상하게 좋지 않아 혹시 몰라 검사하고 왔어요. 덕분에 제가 모르고 있던 질환을 확인할 수 있어 좋았네요.
아들이 살쪄서 고민중이길래 이것저것 알아보다가 식습관 좀 개선해주려고 검사받게 했어요~ 결과지를 토대로 건강관리 해주고 있답니다 ^^
꼼꼼한 진료 감사합니다
건강검진 했어요
이쪽으로 이사와서 몸이 안좋아져  괜찮은 병원찾다가 우연히 왔는데 정말 다들 친절하세요.
처음 응대해주신 선생님이 너무 친절히 해주셔서 이름을 여쭤봤더니 김유정 선생님 이라고 하시더라구요??  감사합니다  김유정선생님  
나중에 아프면 다시 방문하고싶은 병원입니다.
알레르기 검사 미루다가 마침 할인하길래 저렴하게 잘 받았어요~~ 원장님과 간호사분들 다들 친절하시고 병원 분위기도 좋아요~
의사선생님 환자를 진심으로 대해주시고 진료도 세심하고 꼼꼼하게 잘 봐주셔서 만족스러워요 

내시경 이벤트로 할인 받아서 좋은 가격에 검사 잘 받았어요~ 다들 친절하시고 완전 추천합니다!!!
👍 
유전자검사 잘 받았어요 결과 상담도 꼼꼼하게 체크해 주시고 친절하세요. 앞으로 건강관리 잘 해야겠어요!
가다실9 접종 하러 외래방문을 했는데 직원분도, 원장님도 친절히시고, 원장님께서 접종 후 이상증상시 어떻게 해야 하는지도 자세히 말씀 해 주셔서 안심하고 접종했네요^^! 제가 근무하는 병원이라 더 믿음이 가는면도 있었어요!
친절하세요
여기 마늘수액이 효과 짱이에요..! 맞자마자 마음이 편해져요. 술 많이드시는 신논현 직장인들 거평가서 마늘주사 3만원 수액 맞으세여 :)
친절해요
직장건강검진에서 종합검진 저렴하게 추기했네요
싸이모신쥬사 굿굿굿
직원들 모두 친절하시고 설명도 잘해주셔서 잘 치료 받았어요!!❤️
선생님들도 친절하시고 너무 검진 잘 받고 갑니다!!
다이어트 패키지 이벤트로 저렴하게 다이어트 잘 하고 있고 효과도 좋아요~!!
유학생검진 받았는데 체계적이고 전문적으로 잘 해주셔서 잘 준비 할 수 있었어요!! 주변에 소개 많이할게요 ^^
위내시경검사 받았어요! 급하게 방문했는데 다른 곳에서 받을 때보다 훨씬 편하게 잘 받았고 안내도 친절하게 잘 해주셔서 좋았어요~
검진 잘받았습니다ㅎㅎ
건강검진 받았는데 안내 친절하게 잘 해주시고 사람이 꽤 많았는데도 체계적으로 되어있어서 오래 기다리지 않고 금방 받을 수 있었어요.
건강검진 받았는데 안내 친절하게 잘 해주시고 사람이 꽤 많았는데도 체계적으로 되어있어서 오래 기다리지 않고 금방 받을 수 있었어요.
...
원장님 자상하시고 친절하세요! 그리고 진료도 세세하게 잘 봐주시네요~
잘해요
잘봐주세오
상담하고 복부초음파 받았어요 과잉진료 없고 필요한 검사만 추천해주셔서 신뢰가 갑니다.
원장님이랑 간호사 선생님들 모두 친절합니다~!
원장님 자상하시고 친절하세요!! 그리고 진료도 세세하세 잘 봐주시네오
조라요
대장내시경 검사 받았어요
친절하고 잘 해주세요
다음에도 여기서 받아야겠어요
안녕하세요 :-) 햄버거를 좋아하는 30대 자영업자입니다 “건강검진” 은 저와 다른 이야기라고 생각하다 문득 지치는 체력과 불안감에 건강검진 신청하였
어요, 똑똑한 직장인 친구에게 물어보니 자기가 이곳에서 했다고 하여 개인적으로 신청했습니다. 1)우선 매우 친절했어요, 원장님께 말씀드리니 “당연히
그래야지요”라고 하시지만 안그런 곳도 많기에 은근히 고마웠어요 2)디테일하게 진찰과 진료 상담을 하였어여, 가벼운 예로 물약과 알약을 고를 ...
신논현역 바로 근처에 있는 게 신의 한수ㅎ 대중교통만 이용하는 저로써는 너무 편하게 방문했네요~
엄마랑 저랑 둘다 기운이 없어서 같이 수액 맞고왔어요. 주사 안아프게 놔주셔서 굿굿입니다.
의사선생님이 경청을 잘 해주시는 것 같아요. 제 이야기를 하나하나 놓치지 않는다는 느낌이 확 느껴졌습니다.
위내시경을 한번도 안해봐서 걱정이 많았었는데, 과한 걱정이었습니다 ^^ 꼼꼼한 설명까지 감사드려요.
잘한건지 모르겠다
위내시경 받으러 왔어요 ㅠㅠ 너무 친절하시고 결과 바로 들을수 있어서 넘 좋아요 "
강남박내과의원,내과,"친절하세요
다음에 또 갈 거예요
친절해요
좋아요
친절해요 
의사선생님 직원분들 다친절하세요
친절해요
진료빠르게볼수있어서좋았어요
친절하신데 ㅠ 청진기로 진찰도 해주시면 좋을것 같아요~ 
친절하세요
강남역 진료 편리한내과
몸이 안좋아 스트레스 받아 질문도 많이하고 귀찮게 한거 같은데
 친절하게 답변해 주셔서 감사합니다^^
항상 간호사선생님들 원장님 친절하게 대해주셔서, 편하게 진료 잘 받고 옵니다^^
친절하시네요 근데 약을 처방 받았는데 낫지않아요 ㅠㅠ
깔끔하고 좋아요
목이 안좋아서 진료 받았는데 간호사 선생님들이 친절하게 안내해줘서 좋았네요. 원장님이 자세하게 진료봐주셔서 좋았어요.
원장님이 친절하게 진료 꼼꼼히 해주시네요 귯이에요
원장님 진료너무꼼꼼히봐주시고 간호사 선생님도 친절하게 안내잘해주셔서 나중에 아프면 또 여기병원으로 방문할거에여! 감사합니다 ㅎㅎ
굿
늘 친절하고 기분좋은 병원이네요 원장님이 에너지를 팍팍주셔요 직원분들도 함께 에너지를 주면 좋겠는데 그렇진 않네요 
굿굿
바쁘신가 진료도 제대로 안봐줌
원장님들 직원분들 전부 친절하세요 굿굿

엄청 친절하세요 소화기 쪽으로 잘 보십니다
여기 병원 원장님은 엄청 친절하세요 근데 데스크 직원들... 입사한지 일주일 되셨나요?  말도 잘 못알아 듣고 두번 세번 말하게 하고  진짜 일 너무 못해
서 화딱지가 나네요 데스크 직원들때문에 다신 가고 싶지 않아요.
👍
간호사님, 의사님도 친절하시고 공간도 청결합니다.
good
잘 알려주세요
조아요
친절합니당
친절하세요
👍
친절해요

친절하세요
의사샘이 친절하시고 상담을 자세히 잘 해주셨습니다🥹👍 언능 낫고 싶슴다ㅜㅜ
친절해요!!!!!

원장님의 경쾌한 목소리가 기분 좋았어요 영양제 맞고 훨 나졌어요 영양제 맞는데 바늘 찌르는 것도 몰랐어요 얼마나 잘 놓았는지...
친절하고 너무 좋았습니다.!!
친절해요 
친절하고 좋았어요!!
친절하세요~
굿
굿
친절합니다~!
친절하세요
친절해요. 

친절합니다 
좋아요 친절하시구
가다실 근방에서 제일 저렴해서 갔는데 의사선생님도 너무 친절하시구 좋아요!! 
친절하고 좋았어요
강남역 신분당선 바로 안쪽에 있어서 편하게 이용가능했어요. 위치도 정말 좋았고 시설도 엄청 깨끗했습니다. 원장님께서 정말 친절하시고 아름다우세요 !! ㅋㅋㅋㅋ 설명도 엄청 잘해주시구요ㅠㅠ
집이 멀어도 또 여기 올것같아요
병원 선생님들 다 친절하시고 진료 잘봐두십니다!!

주사바늘 실수로 2번 찌르기 전에 왼팔 오른팔 체크 먼저 했음 합니다..주사 세번 놓는 건 좀 너무 하잖아요ㅠ 그것도 그건데 수액실에 자고있는 환자들도 있는데 좀 많이 사부작대서.. 배려 좀만 해주면 좋을 것 같아요. 다른건 다 괜찮아요.
굿
친절한 여원장님 덕분에 맘편히 진료 받고 갑니다^^7
일찍 오픈해서 출근 전에 가기 좋아요
친절해요 
친절하시고 진료도 잘봐주세요~다만 주차는 안돼요ㅠ
친절해요
ㅣ
의사선생님께서 상담도 잘 해주시고 진짜 친절하세요~

좋아요
선생님이 진짜 친절하심
원장님 넘 좋으시고 다들 친절하세여
원장님이 여자 원장님이신데 굉장히 친절하시고 꼼꼼하시게 봐주셔서 좋았습니다.  검진이 가능한 병원이라 사람들이 많았어요. 
의사선생님 친절하시네요
좋아요
굿
정말 정말 친절하세여! 궁금한것 있으면 다 물어보라고 해주시고 친절하고 자세하게 대답해주십니다!
선생님 친절하십니다


친절해요 
원장님 매우친절해요ㅎㅎ
원장님 완전 친절하시고 좋아요
여기는 원장님이 진짜 너무 친절하심!! 원장님이 너무 좋아서 여기 자주오는데 이 전에는 데스크 여직원 귀찮다는 듯한 기분나쁜태도에 불만이였는데, 
오랜만에 갔더니 그런직원들 없고 새로 온 직원들인지 전보다 훨씬 친절하고 좋았습니다.
굿

친절하세용
이직을 하게 되면서 채용검진 때문에 내원했는데 엄청 꼼꼼하게 봐주셔서 좋았습니다~! 형식적인 절차라 생각하고 귀찮다고 생각했는데 이번 검진이 그
동안 제 건강에 대해 돌이켜보게 된 계기가 되었네요 😊 그동안 몸이 망가지는지도 모르고 살았던 것 같아요 😥 친절한 쌤들 그리고 예쁜 원장님 넘 감
사합니다 🧡
급한 채용검진도 결과 빠르게 받을 수 있게 잘해주셔서 살았습니다.
속도 쓰려서 진료도 같이 받았는데, 약처방 과하게 하지 않으시고 딱 알맞게 해주셔서 좋았습니다.
공무원채용신체검사 여성분들 비추합니다. 재검까지 받고도 판정 보류를 써주셨어요. 보통 헤모글로빈 수치가 9 이하일 경우 판정보류를 써준다던데, 9
이상인데도 철분 처방이 아닌 다른 혈액내과 방문 후 검사받으라고요. 잠도 못자고 못 먹고 가임기 여성이라 그렇고 철분 처방해달라고 했는데, 꼼꼼하
셔서 그런가 혈액검사를 다시 받아보라 하시더라구요. 다시 받았는데 같은 결과에요. 더 구체적이지도 않은데 애초에 판정보류로 해주시던가 다...
매우 꼼꼼하고 친절하게 진료 해 주십니다.
앞으로도 진료 잘 부탁드립니다.
원장님 친절하시고 좋으신거 같아요
제가 비만이고 질환까지 있는데 상담해주시고 약처방까지 해주셔서 13kg정도 감량했습니다!
재방문 강추입니다!
몇 년 째 꾸준히 다니는데 이제야 리뷰 쓸 생각을 하네요ㅋㅋㅋ 회사가 근처라서 마음 편히 잘 다니구 있습니다. 제 첫 대장내시경도 여기에서 했어요~ 믿음 가고 항상 감사한 병원이네요^^
병원분들 모두 너무 친절하시고
물리치료, 도수치료 선생님들도 너무 친절하고 좋았어요
특히, 도수치료후에 몸이 너무 가벼워져서 새로 태어난 기분이었습니다.
강남 지나가다 몸살기가 있는듯해 급하게 들린곳인데 원장님께서 세세하고 꼼꼼하게 진료해주세요~
다른 병원은 궁금한거 물어보기 힘든데 여기는 친절하게 제가 궁금한거 상세히 답해주십니다
덕분에 궁금한거 잘 알아가고 약 처방도 과하지 않아 좋습니다
친절하고 꼼꼼하게 진료해요
컨디션이 좀 안좋아서 감기인가 싶어 방문했어요 원장님께서 너무나 친절하고 세세하게 진료봐주셨어요~ 오늘은 시간이 안되서 약처방으로 받았는데 다음번엔 수액으로 맞으러 가려구요 
진료 잘 봐요
속불편함 트림때문에 내시경찍고 거의 2달이상 고생하다가 원래가던 동네 병원휴진이라 직장근처 찾다가 방문. 선생님 친절은 기본이고 복약처방도  증상에 어우러지는 가능성을 섭렵해서 처방. 그 후 많이 좋아졌고 거의 완쾌되었음. 선생님 명의이심.  
친절해요
친절하고 깨끗해요 
친절해요 
친절합니다
원장선생님이 너무 친절해요
진료를 잘해요
병원이 작아서 편해요
굿
선생님이 무섭지만 친절
원장님께서 진쩌너무 친절하세요 제 인생에 이렇게 친절한 의사선생님은 없었고 앞으로도 없을거라 자신합니다 감기기운이 있어 갔는데 제 아픔에 공
감해주시고 코로나와 독감검사가 왜필요한지도 설명해주시고 , 검사결과 둘 다 안나와서 약 처방해 주시는데도 너무 친절해서 아픈게 다 낫는 느낌이 들
었어요 힐링병원 ㅠㅠ 그리고 약 처방받고 한번먹었는데 너무 잘듣네요 ! 강남 내과 찾으세요? 여기가세요 제발 원장님 지금도 잘 되시지만 더 번...
강남역 소화기내과를 찾으신다면 추천합니다!! 친절하시고 다정하신 선생님께서 진료도잘 봐주시고 그래서 약먹고 금방 잘 나았어요:)
너무 친절해요 몸살나서 죽을것같았는데
진료만으로도 다 나은 기분이었습니다 ㅜㅜ
수액도 잘 맞고 잘 나아서 갑니다
공무원 신체검사 받으러 갔는데 빨리 돼서 좋았어요 
원장님이 여자분이신데 너무 친절하셨어요!!! ㅠㅠ 
공무원채용검진도 오전 중에 가면 당일에 발급 가능해서, 덕분에 서류처리 잘 했습니다~ 
좁고 번잡하다
친절해요
의사선생님이 매우 친절해요 ~~
대기는 길지만 좋아요
친절해요
친절
사람이 굉장히 많고 좁은데 잘 운영이 되는거 보면 신기합니다. 추천!!
레이져 시술도 꼼꼼하게 해주시고 관리도 잘 해주셔서 좋아요^^"
하나이비인후과병원,이비인후과,"최고병원
좋아요 
예약 상담 잡을 때도 시간 변경하느라 몇 번 전화했었는데 직원분께서 친절하게 상담해주셔서 좋았어요. 귀 안을 손으로 자주 만져서 아프고 불편해서 오랜만에 방문했구요. 장선오 선생님께 진료 받았는데 치료 내내 친절하게 상태 알려주시고 안심시켜주시고 잘 치료해 주셔서 좋았습니다. 멀어도 아플 때 또 오고 싶어요!
친절해요
사람많아도 친절하고 자세하게 설명해주시려고 해서 애용하게 되는 곳이에요
비염진료 최고에요
좋아요
셔틀 버스 있어서 너무 편해요
북적이지만 그만큼 다들 가는 이유가 있어요 ^^ 항상 따뜻하게 맞이해주셔서 감사합니다
친절해요
좋아요 
추천추천
잘 치료받고 갑니다 선생님들 너무 감사해요~~~
이재연 선생님께 진료 받았는데, 친절하시고, 검사 결과도 이해하기 쉽게 잘 알려주셨어요. ^^
6년전 이용배 원장님께 부비동염 깨끗이 치료받은 이후 늘 믿고 다니던 병원이에요. 이번엔 다른 원장님께 진료받았는데 제 비염은 비중격수술 외엔 답
이 없고 수술 없이는 더 나빠지기만 할 것이라며 수술하자 하셨어요. 1년에 일주일정도 여기서 받은 비염약만 먹으면 잘 지나갔고 해외 거주 3년동안은 
그나마도 없이 지냈던 터라 이상했지만 너무 단정적이셔서 수술예약 했어요. 근데 이번에 좀 비염이 심하게 와서 몸살로 이어졌는데 항생제 안 줘...
이용도 편리할 뿐만 아니라 전문적인 게 한눈에도 보이는 곳이라 몸에 이상 있을 때마다 방문합니다 이상덕 원장님 감사합니다 ^^
친절해요~~~~
검사하러 갔는데 음성 양성 …헷갈리게 하네요
병원엔 언제나 환자들이 많으네요
병원이 있어 다들 완쾌되실겁니다!
항상 약 잘 처방해 주세요
목 불편한 게 잘 안 나아서 왔다가 잘 안내받고 가요~~ 좋았어요. 다음에 병원 올 일 생길 때도 이용하러 와야겠습니다
친절하고 깨끗해요 ㅎㅎ 굿
비염이 요즘 더 심해져서 방문했어요. 모든 손님들한테 응대 친절하셔서 매번 편하게 다녀옵니다.
서류 떼러 잠깐 들렀는데 워낙 유명한 곳이라 그런지 모두 바빠보이셨는데도 친절하게 대해주셔서 좋았어요~
피부 진료 시작하셨다고 해서 딸 여드름 좀 진료받을 겸 방문했어요 역시는 역시 ^^bb
의사 선생님 진료가 친절하세요
아픈 곳 있을 때마다 가는 동네 이비인후과병원! 믿음이 가는 곳
굿!
알레르기 비염 많이 고쳐주셨어요. 정말 감사해요.
피부과 전문의라해서 갔는데 모낭염과 여드름 구분도 못하는 의사가 진료봐줌 1분만에 됫다하고 나왔는데 진료비 8400원ㅎㅎ
비중격만곡증 수술 상담
잘봐주심니다
편도수술했어요! 수술 잘되었고 잘 아물고 있습니다! 추천합니다 
수면다원검사,내시경 코골이전문
좋습니다
셔틀버스가 있어서 참 좋습니다
진료를 잘
봐주세요
유명한 병원이예요
굿
코골이 수면다원검사
굿
약 처방해주신거 받고 하루만에 콧물 쏙들어갔어요👍🏻
사전예약하면 편해요
코전문 진료는 예약이 필수
굿
수술후 3주차 f/u
실밥제거함
굿
친절해요 
수술후 경과체크
2주뒤 다시가기로함
전문병원이라 수술받으려 검사진행후 수술진행함
정말 아프지만 견디는 중
헐~~~😱😱😱😱😱 당일진료 갔다가 1시간 30분을 기다렸네요 여긴 예약진료도 기본20분 기다린대요😡😡😡 진료는 고작 2분 이었다는… 환자 아
픈걸 얘기하면제대로 들어줘야 하눈데 본인 얘기만 하신다는~ ㄴ추천받아 갔눈데 아까운 시간 낭비만 하고 온듯한 기분이었는데 친절한 셔틀기사님만 
최고네요👍🏻👍🏻
좋아요 
좋아요
비염 치료 최고 여기약 먹고 비염 싹 치료함
자주 갑니다
친절하고 진료를 잘봐주세요
편도절제술 받았어요 이제 다나아서 생활이 너무 편해요
친절해요
자주 갑니다
코목감기먄 무조건 코로나검사 후에 진료가능, 종랍병원 만큼 가격인데 실손보험으로 충당, 가장 가까운 이비인후과라 다니는데 선생님 많아서 맞는 선생님 선택할 수 있어 좋아요. 
편도절제술 받았어요
진료시간은 짧지만 수술 잘된거같아요
친절해요
굿굿
친절
원장님이 자세히 진료 봐주세요
미리 예약하고 가야 오래 기다리지 않아요
자주가는 병원! 갔다오면 금방 나아요ㅎㅎ
굿
좋습니다
굳
타병원에서 편도절제술후 5달차 목 불편감 그리고 편도결석 냄새(확실^^) 계속되어 다른분 의견도 듣고 싶어서 2시간 걸려도 갔는데 괜찮다고 하시더라
구요 제가 불편한건 신경써서 그렇대요^^ 불편해서 신경이쓰이는거지 하.. 그대로 살라며. 대학병원 가라며. 본인은 괜찮다면서 대학병원은 왜 추천해주
시는 거죠? 나름 이차병원 아닌가요? 같은 전문의 아닌가.. 수술받은 병원은 어디냐 누구한테 받았냐 두번이나 물어보시고 저는 대답 안했죠^^ 굳...
굿
편도절제술 검사받았어요
셔틀도있어요
너무아픈데  증상 말하고 시티까지 찍었는데 이상없다고 하여 돌아왔는데 다음날 대상포진 진단 받았어요
병원비만 십만원 넘게 썼네요 
굿
좋아요
굿
의사샘도 친절하시고 병원도 깨끗해요
.
자가진단 두줄떠서 병원 검색해보다가 집가까운곳이길래 미리 전화하고 감 도착해서 건물 안에 들어갔더니 여자직원분 무슨 일로 오셨냐길래 코로나인
것 같아서요 그러니까 인상 팍 쓰면서 여기 들어오면 어떡하냐면서 나가서 지하로 가라함 이 추운날 지하주차장에서 대기하는것도 이해는 안갔음 역시
나 다들 불친절함 20-30분 기다리라해놓고 한시간은 넘게 기다림 아파죽겠는데 직원들 싸가지없고 추운데서 무한대기하니까 성질이 절로남 진료...
모든 직원분들이 친절하시고
담당 의사 선생님이 수술을 잘하세요
코뼈 골절로 수술 받았는데 절대 추천안함 강남역 성형외과 같이 있는 곳으로 가세요 어차피 실비 다되니까 좀 더 주더라도  누가 볼지는 모르겠지만 진
심 리뷰입니다 너무 당해서
비염계 1등 병원
수술 시스템도 안전하고 정확해서 좋았어요!!
어릴적부터 진료보기위해 방문했던곳.. 여전히 의사선생님들 세심하게 진찰해주셔서 너무 반갑고 감사했습니다^^
코로나 검사 쉽게 빨리 받을 수 있어서 좋았어요. 
좋아요 
잘하시고 친절하시기까지 하셔서 사람이 많나 봐요
굳
부비동염 수술후 통원치료중입니다
직원분들이 안내 자세히 해주시고 검사나 진료가 신속하게 잘 되어서 편합니다
좋아요
이은미 과장님 너무 친절하게 잘 설명해주셨어요. 감사합니다
주변 지인 추천으로 방문하게 됐습니다 지인은 무려 2대가 걸쳐서 방문하는 곳이라고 하더라구요 사람이 많아 대기는 길었지만 친절하고 자세한 검사를
 할 수 있어 좋았습니다
타병원에서 이석증 진단받고 호전없어 갔었는데 검사 여러가지하고 진정신경염진단받았어요. 다른것보다 정확한 검사와 진단으로 이석증 아닌걸 알게됐고 전정신경염도 어느 정도 진행된것인지 얼마나 있음 호전될 수 있는지 그래프?도표같은 걸로 보여주셔서 막연히 좋아질것이라는 말보다 정확하고 희망적이여서 너무 좋았네요. 검사결과 전부 설명해주시고 의사선생님 너무 친절하셔서 좋았어요. 검사비용 20만원정도였지만 쓴 보람 느끼네요ㅎ
중이염이랑 후비루염 증상이 있어서 갔는데 증상 다 설명하기도 전에 귀지 하나 빼고 자 이제 소리 안들리죠? 하고 코하는 선생님 예약 잡고 가라고 해
서 나왔어요. 며칠간 좀 좋은 큰 병원 가려고 일 빼기 어려워서 벼르다가 예약 잡고 간건데 10초컷 하고 나오니 너무 황당했습니다. 귀지하나빼고 10초 
진료에 처치비 포함 만오천원 내고 다시 회사 돌아왔는데 웃음만 나오네요.. 증상은 그대로고 다른 병원 가봐야할 것 같습니다. 코 따로 목 따로 귀...
의사쌤 친절하세요
굿
친절해요
무섭고 당황스러웠던 상황입니다. 리뷰글로는 다 설명할수없어 사진으로 올립니다
글로 올릴려고 했는데 내용이 너무 많아서 사진 올립니다. 모든 사람들 꼭 읽으셨으면 합니다
좋아요
목과 귀의 통증이 심해 방문하게 되었습니다.  일반 병원에서는 이상이 없다고하여 2차 병원을 검색해서 왔습니다. 원장님께서 명쾌하게 설명해주셔서 
좋았어요. 2차 병원이라 그런지 비용은 1차보단 조금 비쌌지만 내시경말고도 초음파로 자세한 진찰 해주셨습니다. 코로나 때문인지 내원시 들어가는 문
과 나오는 문이 달랐어요. 계단으로 올라가서 들어갔다가 나올때는 지하 1층으로 해서 주차장 쪽으로 나왔습니다.
코로나병원인지 예약하고 가도 한참 기다려서 진료보네요
코로나 검사및 예방접종 추천
진료는 비추
코로나 치료 받았던 병원이 왕복 2시간 거리여서 강남구 보건소에서 안내해 준 이 병원에서 약처방 받으려고 왔는데,  지하 1층 주차장 쪽에서 1시간30
분 대기하고 접수한 뒤, 1층 야외 호흡기부스에서 5분 간단한 상담 받았네요.  복용중인 약 설명서까지 들고 가서 제시했는데 1차 처방전 잘못 돼서 2차 
처방전 받았는데 또 잘못 된 것도 모자라서(흡입기에 주로 쓴다는 보령뮤코미스트액이 처방됨) 병원 근처 약국에 해당 약도 없다고 하네요.  결론...
거리가 멀지 않아  다행
코 시원하게 뚫어줘요
최악의 병원 진짜 병원장 부터 굉장히 불친절 상태가 많이 안좋아서 수술때문에 갔지만 너무 불친절해요 너무비싸고 절대 주위에 추천 안할거고 나도 두번다시 오기싫음 유명하면 전부가 아닙니다. 환자를 진심으로 봐주세요 환자는 의사가 말해주는게 전부입니다. 아픈 환자에 대한 배려가 없고 짜증으로 일관함 그게 의사가 그러는게 더 충격
아이가 비염으로 고생해서 비염 잘 보는 병원 알아보다 강남맘카페에서 추천받고, 의사들 출신학교까지 따져보고 비염만큼 원장 따로 예약해서 갔는데, 
결국은 동네 소아과, 이비인후과에서 처방해주는 똑같은 약(네오세틴 항히스트민제, 진해거담제 시네츄라시럽, 슈다펜정) 처방받고 끝이었어요. 명의를
만나, 고생하는 아이의 비염을 개선해주려던 희망은 다 사라지고 무척 실망했는데, 일층 수납데스크 직원들 하나같이 불친절함에 정말 치를 떨고...
잘한다해서 1시간 거리로 방문했는데 최악 입니다 의사샘 권위적이고 코내시경 보는데 너무 아프게 올리고 환자가 소리을 질러도 아랑곤 하지 않고  배려심도 없고 이렇게 불친절한 의사샘은 처음 입니다
집에 와서도 코가 얼럴한 상태이고 다시는 방문 안합니다 의사도 환자가 되면 알겠지요
좋아요
콧물증상 하나로 방문했는데, 콧속 잠깐보고, 비염약 처방하고 19900원.. 솔직히 비추ㅋㅋㅋ
좋아요"
강남연세인의원,"병원,의원","다시는 방문 안할 곳이고 비추천합니다.  코로나 증상인것 같아서 급한 마음에  후기 확인없이 검색순으로 찾아갔는데, 안좋은 리뷰가 단번에 이해가고 
그대로네요. 코로나 검사는 뒷전이고 주사부터 맞는 희한한 시스템이구요.  무엇보다 코로나 발병 원인 등 환자의 개인적인 정보를 다른 사람에게 누설
하는건 의료법 위반 아닌가요?  게다가 주민번호까지 포함된 환자 소견서를 다른사람에게 잘못 보내는 실수까지… 타 약국 2-3군데에서 보유하지...
친절하고 좋아요
리뷰 보고 설마했는데 기본적인 청진, 입안 확인 없는거 당연하고, 환자는 저 멀리 쇼파 앉고 질문에 대답만 하고 진료보네요… 심지어 질문도 여행갔어요? 무슨 일 해요? 사무실 몇명있어요? 여행 안갔다는데 ㅋ 산이라도 갔냐고 … 코로나 검사 하고싶어서 그거에만 초점이구요, 코로나 검사 이미 했다 하니 약 준다고 끝났네요 ㅋ 진짜 다신 안가요 ㅠㅠㅠ 
굿
장점: 일요일에 여는 것  이렇게 지저분한 병원은 처음이에요 ... 창고안에 병원이 있는듯한.. 오래되었다는 뜻이겠죠?? 데스크에 있는 분은 친절하려고 
노력하는듯하지만 모든 환자에게 지시하듯이 말함, 증상을 데스크에서 전부 말하라고 하시더라구요. 코로나/독감검사 하러간건데 의사도 불필요한 것
을 계속 물어보고 리뷰가 낮아서 감안하고 갔는데도 실망했어요. 코는 안 아프게 깊숙히 잘 찌르세요. 
의사 엄청 불친절하고 이상해요.  병원도 더럽고 오래돼서 찝찝함. 이비인후과인데, 목이랑 코 상태 보지도 않고 질문 몇개로만 진단하더이다. 내가 거짓
말로 대답하면 어쩌려고?ㅋㅋ 그건 의사 아닌 나도 대답할 수 있을듯. 목 한번 봐달라니까 코로나로 병원 “오염”될 수 있으니까 안된다네? ㅋㅋㅋㅋ  보
니까 단골 환자들 관리 잘해서 건강주사, 비타민 수액 맞게 하고 계속 오게 하는거 같은데 ㅋㅋ 병원비가 아깝고 그냥 가지 마세요 여긴 다른데 가...
친절하고 좋긴 한데, 너무 물건이 많이 여기저기 정리 안되어있음. 
정리 좀 해야할 거 같아요.
친절해요
일요일 진료갔었는데 친절하셨어요
진료가 빨라요
진료 잘 봐주십니다
입술화상땜에 방문했는데 드레싱 해주고 엉덩이주사에 항생제 4일 처방전 받구 옴. 대체적으로 친절하심.
좋아요
굳굳
친절하고 세심하게 진료해주세요~^^
코로나검사 
친절하고 좋네요~
몸살기 있을때 가서 링겔 주사 한대 맞고 거뜬히 이겨냈어요.ㅎㅎㅎ
약이 좋아서 코로나도 이길듯요..
강추입니다.^^
몸살날듯이
너무 아파서 갔는데
갈때마다 친절하고 좋.아.요^^
회사 근처 내과라서 어디 갑자기 아플 때 주기적으로 방문하는 병원이예요 내부 인테리어는 뭔가 허름한듯 해보여도 직원분들 전부 친절하시고 의사쌤
도 많은 질문들을 해주시며 진찰도 꼭 봐주십니다 보통 말로만 짧게 하는 경우도 있고 한데 진찰 자체를 세세하게 해주세요!
좋아요
좋아요
친절해요
좋아요
친절해요
친절함
.
좋아요
친절해요
굿
너무조아요
공휴일이라 병원 열린곳이 없어서  비싸지만 급한대로 응급실이라도 가야되나  전전긍긍 했는데 강남역 한복판에 365일  연중무휴로 하는 병원이 있다
고 해서 거리가 좀 있긴 했지만 운전해서 왔어요 응급실 비용 생각하면.. 오길 정말 잘했다는 생각이 들어요 의사선생님께서 자세하게 설명해주시고 간
호사 선생님 친절하시고 병원도 커요~~ 수액맞고 좀 누워 있다 왔더니 이제 좀 살거 같아요 강추합니다 !!!!😆👍
굿
굿
굿
편하게 치료 받게 해줘서 감사합니다 
다시는 안 갈 거고 이 병원에 간 걸 후회해요 신속항원하러 갔는데 병원 들어가기 전부터 접수, 진료, 진료 후까지 모든게 최악이에요^^ 직원 두명은 환
자들한테 명령조에 짜증이란 짜증은 다 내고 한분은 전화 받더니 “열었으니까 전화를 받았죠?” 저한테 하는 말도 아닌데 기분이 확 잡치더라고요 의사도
 환자 병균 취급이나 하고 ㅠㅠ 병원 갔다가 이렇게 수치심들고 기분 더러운 건 처음이에요^^; 
ㅇ
굿
신속항원 검사를 위해 방문했는데, 대뜸 엘레베이터가 있는 곳에서 대기하라더니 앞에서 다른 사람이 검사받는데도 거기서 서있고,  의사라는 사람은 와
서 자기한테 콧물 안튀게 대각선보라고 함.. 회사에서 가까워서 방문했지만 다신 가고싶지않음.. 
ㄴ
친절해요
ㅇ
쏘쏘 
친절해요
굿
좋아요
친절해요
두번다시안감 너무 아파서 갓는대 실비있냐고 먼저 물어보는 .. ㅡㅡ
친절해요
친절해요 
굿!
굿
좋아요 
친절해요
한 분 불친절하심
내부가 지저분하고 어수선한 느낌
병원리뷰 처음 남기는데.. 정말 너무 별로였습니다..신속항원검사를 하기위해서 처음 방문하였습니다. 방문해서 진료를 봐주는 내용도 제 증상보다는 무
슨일을 하는지 회사에 인원이 몇인지 술담배를 하는지 등을 묻더라구요.. 뭐 여기까진 그럴 수 있다 생각 했습니다 검사 진행 후 결과를 유선상으로 음성
통보 받았습니다. 그리고 갑자기 4일이 지나서 병의원확진자라며 양성 이라며 보건소에서 문자를 받았습니다. 하필 병원 문 닫은 시간에 문자받...
친절해요
와이프가 무례를 당햇다는 이야기를 듣고 가서 면상을 때려부시려다가 후기로 남깁니다 어떻게 이렇게 무례한 사람들만 모여있는지 진료 수준을 떠나
서 치료 전과 치료후 금액안내도 다른 사기꾼에 환자에게 반말하며 매사에 짜증나는태도 등 가서 죽여버릴라자가 백번참고 후기남깁니다 저처럼 성질 
더러운 사람은 이병원 안가시는걸 추천드립니다
#연세인의원 #강남역
데스크 여직원, 간호사분들, 원장이라는 의사까지 ㅋㅋ 한마디로 정말 불친절함의 끝판왕이었습니다. 일요일이고 연휴 전날 영업하는 곳이 여기뿐이라  
다른 선택지가 없어 방문했는데, 환자에 대한 기본 예의와 존중이라고는 찾아볼 수 없었습니다.  빨간날까지 일하셔서 힘들고 고된 마음은 알겠는데, 무
슨 죄인 취급하는 것마냥 쏘아붙이고 성질대로 행동하시는 모습에 다시는 재방문하고 싶지 않네요. ㅋㅋ 뭐 하나 여쭤보기에도 눈치보일만큼 최...
친절해요
매우 어수선한 분위기 안내해주시는 간호사님은 친절하셨지만 멀찍이 소파에 앉혀놓고 질문 몇마디 하고 진료가 끝나버리는데 잘못들어서 대답을 못했
더니 냅다 짜증부터 내는 원장님에 당황... 주사실도 위생은 둘째치고 옷도 다 못입었는데 문을 열고,,, 당황해서 옷 입을시간을 달라고 했더니 밖에서 안
보인다고 괜찮다며,,,, 회사 근처라 어쩔 수 없이 두번 갔지만 두번 다 유쾌한 경험은 아니었습니다. 되도록이면 다들 다른 곳 가세요...
좋아요
식구들하구 회를잘먹구 한참후회서 구역질과구토를 했습니다 그런데 식구들두 한명씩 똑같은 증상이ㅠ겨우119연락해서 근처 응급병원을 알려줬어요 
택시불러서 병원에도착 정신없었어요 링거맞구 정신이들었어요 식구들두 겔겔 치료마치구 좀 좋아져서 나왔는데  병원이 시설두넘좋구 쌤두 친절하구 
간호쌤두 좋았어요 치료잘받구 나와서 편했어요
친절해요
선택지가 없어서 어쩔수 없이 가는 곳. 다른 곳 갈 수 있다면 다른 곳 가세요
좋아요
공휴일 진료도 가능해서 급하게 방문 했어요. 백신접종자들도 공휴일 접종예약을 받으시는 바람에 좁은 병원이 너무 혼잡스러워서 좋았어요 ㅎ
최악의 병원입니다. 불친절은 기본이고 의사 본인 질문에만 답해야하고 아픈상태의 환자 얘길 듣질 않아요. 휴일에 어쩔수없이 찾아간 병원이라 이제 다시는 갈일 없겠지만 좀더 환자를 생각하는 의사,병원으로 거듭나길 바라는 맘에 리뷰 남깁니다.
이 리뷰를 보셧다면 도망가세요..평점4점인게 신기할정도..;;위통증으로 내원했어요 간호사분들은 친절하신데 의사가 진짜 싸가지가없으세요 인테리어도 후져요 번잡하고 위생적이지도 않아보여요..진료실 들어가면 의자가 아니라 쇼파에 앉혀놓고 진료합니다ㅋㅋㅋ의사랑 멀리서 진료하니까 잘들리지않는데 잘못 들으면 짜증내요 이런 의사 처음봐요;아파죽겟는데 기분도 잡쳐버렸네요
강남역에 맘에 드는 내과가 없어서 네이버 리뷰 보고 초진으로 간건데 의사쌤한테 감동받았네요. 증상을 말씀드리니 원인을 찾으신다고 생활패턴으로 스무고개..주의사항까지..근래 본 의사쌤중 가장 친절하고 환자에게 진심이시네요..환자가 진료 끝나고 감사인사 하고 가는 병원 처음 봤습니다..진료 마치고 보니 충분히 이해가 가요..
의사선생님도 간호사분도 친절하세요ㅎㅎ 덕분에 그동안 아팠던 이유 잘 알아갑니다ㅎㅎ
매번 느끼지만 원장님이 자상하시고 꼼꼼하세요 일요일도 진료를보세요 퇴근이 도착예정 시간보다 늦게 방문드렸는데도 급하지않게 편하게 수액 놔주셨어요 집과 직장 둘다 멀거든욥 근데 간호사 선생님들도 친절하시고 가족같은 분위기와 편안함에 멀리서도 이곳으로 진료 다니게되었어요 회사근처 집근처 새로지은 까칠한 병원들보다 아플땐 정스럽고 편안한 연세인병원 정말 강추입니다
일요일에도 열어서 가봤어요
그냥저냥
회사 근처에 있어서 급하게 들렀는데, 친절하고 괜찮습니다. 가정집 인테리어긴 합니다. 주사나 수액은 희망하지 않으면 안 해주시니까 딱히 과잉 진료도 아닌거 같습니다.
일요일이고 연 곳이 별로 없어서 갔는데, 진짜 별로네요. 간호사분은 말 함부로 하시고, 짜증어투로 말씀하셔서 진짜 불쾌했고요. 사람도 없던데 대체 뭐
가 그렇게 지치고 짜증이 나신건지 당최 모르겠네요.  그럼 환자 많으면 얼마나 짜증을 내실런지; 의사분께서는 질문만 던지시고, 내 상태가 어떤지 자세
히 듣지도 않으시더라구요. 약 처방하면서도 어떤 약인지 설명도 없고..  정말 다시는 가고 싶지 않네요  차라리 응급실이 낫겠어요
모두 친절하시고 좋습니다
이런곳이 병원이라니 가정집인줄 친절하세여
좋아요
좋아요
굿
최악의 병원. 의사진료 보기도 전부터 간호사가 영양제 링거 맞으라고 강요하면서 가격부터 늘어놓네요. 위경련으로 갔더니 마늘주사 태반주사 맞으라고 하지를 않나... 간호사에게 먹은 음식 말하니 ""그러니 속이 뒤집어지지 쯧쯧""하며 빈정대더군요. 진료실도 환자를 볼 의지가 없는지 멀찍이 앉혀놓고 보호자는 병균이라도 온 마냥 내쫓는 의사. 제 인생 최악의 의료경험이었습니다.
친절하고 설명도 잘 해주세요
친정하게 설명 잘 해주심 강남역 근처 K내과 갔다가 너무 불친절하고 아무 처방도 안 해주길래 여기로 갔는데 좋네요
좋아요
시설은 ...ㅋㅋㅋ하지만 친절하세용 ! 진료도 잘 봐주세여
자주가요
수액에 비타민 잇으면 보험 안됨!!
간호조무사선생니중 한분 너무 말을 막함
좋아요
🌹🌹
근처 내과 많이 찾아봤는데 과잉진료 말이 많아서 겨우 리뷰 좋은 곳 찾았는데 리뷰대로 정말 좋았어요! 특히 간호사님이 친절하셨고 토,일 모두 진료 하셔서 좋아요
늦게까지해서 좋아요
일요일에도 open
친절해요
수액맞으러 갔어요 수액에 어떤거 어떤거 섞었는지도 자세히 설명해주셔서 좋았어요 그리고 정맥주사 정말 많이 맞아봤는데 정맥주사 맞고서 멍 안든거 여기가 처음이에요 진짜 깜놀함 수액 다 맞고 바늘 뺐는데 진짜 수액 안맞은줄 알았어요ㅋㅋㅋㅋ암튼 간호사분 주사 잘 놓아주셔요...감사합니당...
좋아요
친절하게 응대해주시고 안내해주시네요
굿
의사선생님 친절하세요:)
친절하세요 ^^
항상 친절해요
친절해요
굿
친절하게 응대해주셨어요 !
친절하세여 ^^
친절하세요 ^^
친절하세요 ^^"
펜타힐의원,"병원,의원","진료 잘 받고 있어요
친절합니다~
치료위해서 왔어요. 진료시간이 그리 길진 않지만 효과가 있길 바라요
좋아요~~
약장사 같아요
병원질이 안 좋음
맨. 비싼 약만 처방함
항상 진료 잘 받고 있어요 이진호 원장님 덕분에 아토피 잘 관리되고 있어요 
이진호 선생님 덕분에 몸이 많이 좋아지고 있어요! 직원분들도 친절하세요 늘 감사합니다~!
원장님 유쾌하세여 워낙 예약이 힘들어서 고게 좀 아쉽네여
영양제가 좋아요
기능의학벼원. 치료비가 좀비싸요
깨끗하고  쾌적해요


비싸요
친절하고 좋아요

병원 다닌지 4년정도 되었습니다. 을의 입장이다보니 매번 참고 받아 들이며 이해하고 다녔는데 오늘은 정말 화가나네요. 간호사분들 뽑기 어렵다고 수
습과정없이 바로 현장에 투입된다는 생각이들정도로 자주바뀌고 주사놓는 실력도 다 달라서 힘든건 오롯이 환자 몫이죠, 환자가 꼭 혈관주사 실험대상
이 된 기분이랄까요! 이의를 제기하면 변하지는 않고  아무말이 없거나 우깁니다. 너무힘들어서 손등에는 안맞겠다고 했는데 혈관이 좋으니 놓겠...
항상도움이됩니다.건강이 많이 좋아졌어요.
좋은 곳을 많은 사람한테 추천하고싶어요.

친절하셔요
잘 다녀왔습니다~
쾌적하고 친절해요
임산부 검사 할인 가능한지 확인하세요
임산부는 검사시 10% 할인 받을 수 있으니 꼭 물어보세요. 먼저 요청하지 않으면 안 해줘요
좋아요
좋아요
수액 좋아요
친절하고 좋아요
항상 친절하고 몸이 편해집니다.


친절하고 좋아요
좋아요
좋아요
친절해요
좋아요
좋아요
몸이 좋아졌어요
친절하세요 
ㄷㅈ
굿
ㄷㄴ
친절하게 상세히 상담해주세요
예약해도 대기시간이 길지만 친절하셔요
좋아요 
Hj
개친절해요 의사수에 비해 직원수가 많아요
강남이라 비싸요
ㄷㄴ
괜찮을까?
ㄷㄴ
굉장히 체계적이고 설명도 꼼꼼하게 해주세요!
Iu
건강해지고 있습니다
좋아요
좋아요
좋아요
친절한 검사
검사 받을 때 친절하게 잘 해주세요
ㅗ
좋아요
수액 좋아요
굿 좋아요
이석 원장님, 이것저것 여쭤봐도 늘 정성을 다해 상담해주십니다. 
환자의 상태와 마음을 잘이해하는 병원이길...
믿어 봅니다...
원인을 알고 치료할수있어 좋음
기능적으로 설명하고 접근하는건 좋은데  대부분이 비급여라 비용은 비싸긴 하네요.
장단점은 계속 모니터링 해봐야겠네요.. 
굿 친절
내몸의 상태를 확인할수 있어  좋아요
지인소개로 오긴 했는데 비용이 좀 많이나오긴 하네요...비급여나 선택진료 항목이 많아서..
몸이 좋아지기만 한다면야....
좋아요
좋아요
굿
이석원장님 친절하고 좋으세요!!
친절하고 진료잘함
굿굿
굿 좋아요
좋은병윈
진료받고 바로 검사 비용 어마하게 나오네요ㅠ
결과상담해서 몸이 좋아지면 좋겠네요..
좋아요
좋아요
굿
좋아요
좋아요
굿  좋아요
좋아요
기능성 의학 병원
굿
굿
좋아요
좋아요
굿
굿
굿
굿
굿
점점 몸이 좋아지는게 느껴집니다. 
좋아요
아주굿입니다
^^
점점 좋아지고 있어요
좋아요
검사하러 자주 가는곳이에요
검사비가 무지하게 비싼데 그래도 원인을 찾아 고쳐주시니 감사
좋아요
좋아요
좋아요"
케이내과의원,내과,"깨끗하고 친절했어요!

갈때마다 직원들이 핸드폰을 하고는 있지만 친절했고
검사결과지에 주민번호 뒷자리와 성별이 기재가잘못돼있어 신뢰할수없는병원이라는 생각이들긴해요
진료 빨라서 좋음
회사 근처라 급하게 방문했는데 진료 잘 받았습니다
병원 처음 방문했는데 깨끗하고 친절하십니다.
친절합니다
굿
빠르게 검진해셨어요!
심전도검사, 흉부 X레이 촬영했습니다. 환자가 많아서 한참 기다렸어요. 
의사샘 친절하시고 잘봐주세요. 당연 재방문 의사 있어요~"
베스트이화의원,내과,"임신 준비 중인데 폐렴 예방 접종 미리 하면 좋을 거 같아서 신랑이랑 함께 맞았어요~ 65세 되었을때 국가에서 맞혀주는 거는 효력이 5년 정도라는데, 저랑 신랑이 맞은 건 평생 가는 단백질 주사라 14만원씩 28만원 주고 맞았네요~ 시부모님과 시이모님 식구들 단골 의원인데, 여의사 선생님이 친절하세요~
항상 친절하시고 꼼꼼하게 봐주세요
ㅓ너너무ㅜㅁ
의원~~ 지역 병원
아파서 엉덩이주사 맞았는데 고관절족 심한통증 한달간지속중이에요 거기직원분이 잘못위치꽂으신듯그리고 열나서갔더니 3일치약처방해주셔서 다먹었는데도 나아지는게없고요 열하나만 내렸네요. .목안부었다하시더니 다음날되니까 침만삼켜도너무아픕니다 약먹어도효과없구요 진짜별로
가깝고 친절하셔요
가깝고 친절하세요
가깝고 좋네요
가까웟ㆍ좋아요
가까워서 좋아요
가까워서 좋아요
가깝고 좋아요
가까웡서. 편해요
가까워서 편하고 좋아요
가깝고 편해요
가깝고 친절하셔요
가까고 친절해요
논현초근처에서 제일 친절한 원장님이 계신곳인거같습니다.
친절하세요
좋아요
ㅜ어아아나낭


데스크직원도 친절하고
원장님도 친절하고 조곤조곤 진료 잘 봐줘요!
처음 가본곳이였는데 깔끔하니 좋았습니다

원장님이 참 좋으세요
환자를 배려하고 존중해주세요
전문적이고 병세를 잘 잡아주십니다
좋아요
좋아요
가까워서 편해요
가까워서 좋아요
거리가 가까워 편해요^^
가까워서 좋아요
가까워서 좋습니다
가까위서좋아요
친절하시고 편안하게 해주세요
친절해요
굿
ㅜ어유어어어
진료를 세심하게 잘 보세요 
굿
방문할때 늘 마스크쓰고 엉망으로 갔었는데 몇개월만에 방문해도 엄청오랜만이시네요~ 하고 인사해주시던 데스크선생님 덕분에 아파도 기분이 참 좋았어요, 의사선생님은 항상 증상을 세세히 물어봐주시고 추가 검사나 주사 등 진행할때 미리 환자에게 의견을 물어봐주셔서 항상 맘편히 방문합니다 그리고 열감기로 방문했는데 바로 내렸어요 감사합니다
원장님 친절하시고 잘봐주세요
편합니다, 가까워요
가카워욥
가까워서 편해욥
가까워요
독감환자 엄청 많아 보이는데 친절합니다
굿
좋아요
가까워요
긋
약이 잘들어요 덕분에 감기초반에잡았어요
굿
원장님이 친절해요
굿
굿
친절한  설명과  하나하나  세심하게  치료해  주셔서  감사드려요
리모델링으로 간결해진 내부~ 항상 친절하신 원장님과 쌤들 항상 건강하세욤!!
친절해요
항상 오다가 리모델링하고는 처음 왔는데 너무 좋아졌네요! 선생님은 여전히 친절하시구 접수해주시는 분도 친절하게 해주셔서 너무 좋았어용!!
의사선생님 친절하셔요
굿
이사가고 해가 바뀌어서 강남까지 찾아올 정도로 선생님이 진짜 친절하시구 예전 기록도 다 기억해주셔서 진짜 맞춤 처방해주세용🫶 주차공간까지 있어서 편하게 왔숩니당
원장님이 잘 봐주셨긴 했는데… 환자는 똑같은걸 계속 물어봐도 잘 대답해주실 수 있다고 생각해요. 옆에서 귀찮아하시는 느낌으로 말씀하시는 것 듣고 마음이 조금 불편했어요 ㅠ
의사쌤 친절하게 진료잘봐주셨어요
데스크 직원분들은 정신 없고, 그냥 결제했으면 신속항원 받을뻔했지만..(전 완치자라고 했어요) 
여튼 몸살 기운으로 갔는데 선생님께서 수액처방해도 굳이 불필요하다고 추천해주셨고, 차라리 엉덩이 주사만 맞고 가면 하루이틀정도 반짝 괜찮을 수 있다고 오히려 얘기해주셨어요! 매번 다른 곳에서 그냥 수액 맞았는데 이렇게 얘기해주시니 믿음이 더 가네요 ㅎㅎ 선생님 믿고 갈만 해요!
친절해요
친절해요
오픈한지 얼마안되꾸 코로나항원검사받고왔어요
친절해요
여기 선생님 너무 친절해서 이사가고도 찾아옵니다ㅠㅠㅠㅠ
친절한
여기 의사 선생님은 좋으신데 접수하시는 분들 매번 갈때마다 기분 상하게 말씀하시고 친절도 최악...
좋아요
좋아요
."
뉴연세의원,이비인후과,"원장선생님 너무 친절하시고 너무 진찰도 잘봐주세요 최고에요
첫방문했습니다  우선 원장님이 너무친절하시고 디테일하게 설명 해주셔서 감사했어요 사실 고질병처럼 목이 자주아파서 수술을해야하나 고민하고있
었는데 그러한 부분까지도 솔직하게 말씀해주셔서 좋았습니다!! 그리고 열이 너무심해 수액를맞았는데  1인실 이어서 너무좋았어요 아파서 온전히 혼자
 쉴수있고 혼자 잘수있어서 좋았던것 같습니다 그리고 간호사선생님들도 다친절하시고 수액 바늘꽂을때 아프지않게 꽂아서 진짜 좋았어요 
친절해요.
.
의사선생님 친절하게 설명해주세요. 어떤 약을 쓸 꺼고 약 효과도 꼼꼼히 설명해 주셔서 좋았습니다!

데스크 쌤들 친절하시고, 원장님 너무 유쾌하셔서 웃으며 진료 받았어요. 설명도 이해 쉽게 잘 해주셔서 감사합니다🙇
추천 받아서 갔습니다. 원장님 자세히 설명해주셔서 좋아요. 증상에 대해 다른 원인이 있는지 다각도로 고민해주세요. 환자 말 충분히 안 듣고 말 끊어버리는 분들도 많으신데 원장님은 증상에 대해 세세하게 끝까지 듣고 해결 방법도 제시해주셔서 좋았어요. 간호사님들도 친절하시고 좋아요!!!
친절하시고 좋아요 ㅎㅎ
친절해용

완전 조아요 친절하세요!!
친절하고 설명도 잘해 주세요
굿
후기보고 처음 방문해봤는데, 진료내용 친절하고 분명하게 설명해주시고 직원분들도 친절하셔서 좋았습니다. 회사근처 이비인후과 정착할수도 있겠네요~
원장님이 너무 친절하세요 정말 최고..회사근처에 이런 병원있어서 너무 다행이에요
계속 아파서 재방문했는데 너무 친절하시고 진찰도 꼼꼼히 해주세요
리뷰 찾아보고 갔는데 너무 친절하시고 하나하나 다 신경써주셔서 너무 감사했어요 역삼 이비인후과는 여기로 다닐거에요
친절해요
친절해요.
선생님이 매우 친절하시고 꼼꼼하시고 얘기도 잘 들어주세요.
내부도 넓고 좋습니다
ᆞ
이비인후과 어디로 갈까하다가 리뷰들이 너무 좋아서 의심 반 믿음 반으로 방문 했는데 리뷰가 진실이였네요 친절하시고 자세히 알려주셔서 좋았어요 
의사 선생님이 꼼꼼하고 친절하게 진료 봐주십니다! 
좋아요.
친절해요 
처음 가본 곳인데 ~ 원장님 너무 열정적이시고 친절하게 진료 잘 봐주셔서 감사합니다 :) 앞으로 여기만 갈 예정 
친절도 ★★★★★
장염이라서 내과가려다가 주변에 이비인후과있길래갔는데 장염진료도 하신다해서 진료봤어요. 의사샘 너무 친절하시고 설명에 진심이셔요..눈 마주치고 설명오래해주시고 적극적이고 이런곳 오랜만에 봐요.. 열정적이셔요.. 내가 이비인후과 후기를 다써보네.. 
원장쌤 너무 유쾌하심.. 처음에는 바이럴 적인 글이 많다 보니 직업병때문에 조금 껄끄러웠는데 진짜 좋음… 재방문 의사 있고, 역삼역 근처중 젤 좋은듯
..? 바이럴 아님(이표현은 또 처음써보네)
의사선생님이 너무유쾌하고 친절하셔서 좋아요! 
하지만 대기시간이 깁니다!
선생님이 너무 친절하세요
리뷰보고 갔는데 선생님 왕친절하세요!
설명 잘해주시고 과잉진료도 없습니다!
진짜 살면서 이렇게 친절하고 환자마음 잘 헤아려주시는분은 처음입니다!최고👍🏻
역시 이번에도 친절
직장인이라 어플로 예약하는 근처 다른 이비인후과 다니다가 불친절하고 수술을 너무 쉽게 권유해서, 이 곳으로 다니기 시작했어요.선생님이 엄청 친절하시고, 환자를 편하게 대해 주세요.  다만 직장인이라 대기시간이 좀 있는게 단점이에요. 비염도 많이 좋아 졌습니다
리뷰를 쓰는편이 아닌데 너무 친절하시고 꼼꼼하시고 이비인후과 내과는 솔직히 약처방이 진료에 전부라고 생각하는 사람이었는데  위쓰림까지 체킹해주시고 일을 디테일하게 하시는거같아서 좋았어요
직원분들도 친절하고 데스트에 앉아계시던 젊은(?) 직원분 마무리해주셨는데 친절하셨어용
설명도 잘해주시고 친절하십니다
친절하시고 설명 잘해주십니다.
ᆞ
원장님이 너무 친절하세요
역삼 이비인후과 찾다가 찾아가게되었는데, 의사 선생님 진짜 친절하시고 진료를 너무 잘 봐주세요!! 첫방문인데 완전 만족합니다
원장님이 친절하세요!
데스크선생님, 의사선생님 모두 넘 친절하시고 방문할때마다 과잉진료 안하시고 또한 설명도 상세하게 잘 해주셔서 감사합니다. 시설도 깔끔하고 진료도 잘 봐주시고 리뷰를 쓰고 싶게 만드는 병원이라 일부러 영수증 받았습니다:) 복 많이받으세요~~~❤️
선생님 친절하셔서 좋아요
인생 이비인후과 찾은느낌이에요 ㅋㅋ 이비인후과와서 이런말 할줄 몰랐는데 진짜 친절한데 그냥 친절이 아니고 증상 꼼꼼히 물어보고 설명을 깔끔하
고 이해하기 쉽게 알려주세요  감기도 가래가 나올때, 코가 이럴때 어떻게 하는게 좋다 어떻게 하지마라 이유까지 설명해주시고 병원도 깔끔한데 병원비
도 얼마 안나오고 친절하시고 다 좋았습니다
속이 너무 안좋아서 진료 받으러 방문했는데 의사쌤 너무 젠틀하시고 친절하시고 유쾌하시고 설명도 잘해주시고 너무 좋아요!!
감기 걸린 후 기침이 안 떨어져서 방문했어요. 코안도 들여다 보시고 약도 뿌려주시고 설명도 자세히 해주셨어요. 
친절 갑 ! 
진찰 갑 ! 
선생님 친절하시고 설명도 잘해주세요. 
세상에 이렇게 친절한 의사는 처음입니다. 이 병원 직원보다 의사가 더 친절하고 상냥해요. 돈 받으면서 불쾌한 의료 서비스 제공하는 콧대 높은 의사들때문에 불편한 적이 여럿 있었는데, 여긴 전혀 아닙니다. 그리고 깨끗해요. 저 위생에 까다로운 편이라 병원 지저분하면 치료도 안받고 더러워서 나가는데, 여긴 참 깔끔합니다.
의사선생님도 너무 친절하고 설명잘해주시고 데스크도 편안한 분위기에 친절하세요!! 게다가 병원비도 저렴하구요 ㅎㅎ 분위기도 좋은데 또 호텔식으로 1인수액실 있더라구요 나중에 아프면 꼭 수액맞으로 올거예요 😍 다들 건강하세요!!
친절 !
친절 하세요 편도 목 확인은 안하시네욤 !!
친절해요
친절해요!!!!
원장님 역대급 친절하세요ㅠㅠ
의사샘도 간호사샘들도 친절해요
친절하고 꼼꼼히 봐주세요
원장님 너무너무 친절하시고 그냥 약만 처방해주시는 게 아니라 이해하기 쉽게 설명 잘 해주십니다 :)
굿
과잉진료없이 친절히 잘 해주세요
친절하고 설명이 자세해서 좋아요
회사 근처라 가깝고 독감 주시 잘 맞았습니다
원장님이 너무 친절하시고, 상세히 진료봐주십니다.
나중에도 여기로 꼭 방문할 것 같아요
의사쌤, 간호사쌤 다 친절해요.
친절해요.
굿
독감검사비 2만원이네용
의사선생님 친절하시고 설명도 잘 해주시고, 무엇보다 다녀오면 잘 낫는 병원입니다
병원비도 저렴한편이구요

병원이 정말 깔끔하고 의사선생님 정말 친절하세요 설명도 잘해주시고 제 상태도 상세히 확인해주세요. 가깝다면 아이들도 데려오고싶어요  정말 추천
합니당
방문할 때마다 의사 선생님이 친절하셔서 진료할 때 이미 덜아파지는 느낌이에요🥹 점심시간이 한시부터라 직장다니면서도 짬내서 방문하기 좋아요!
친절하시고 꼼꼼하게 봐주세요
정확하고 빠르게 진료해주세요
의사쌤 친절하시구 병원조용해요
1시까지 진료인것도 좋아요♡
좋아요 
좋아요
굳
원장님 친절하시고 시설도 매우 좋네요. 다음엔 수액 맞으러 갈게요.
궅
친절해요 
좋아요
의사선생님, 직원분들 엄청!! 친절하시고!! 밝게 얘기해주셨어요! 약도 증상이랑 다른 병, 알러지는 없는지 잘 체크해주셨구요. 앞으로 이비인후과는 여기만 다닐거에요
좋아요
좋아요
좋아요
원장님 친절하세요
친절해요 
선생님이 완전 친절하세요..! 편도결석 때문에 방문했는데 2달마다 방문하면서 체크할 수 있다고 알려주시고 앞으로 이비인후과는 여기만 갈려구요~~
선생님 진짜 친절하세요 ㅋㅋ
굿
좋아요 
친절해요
선생님이 너무 친절하시구 너무 설명도 잘해주셔서 좋아요 !
과잉진료없고 
환자입장에서 이해가 쏙쏙~ 
친절하게 설명해주심^^
역삼역 근처로 만성피로로 힘들고 회복이 안되어 방문한 뉴연세의원. 백신 접종차 방문했을때  좋은 기억으로 생각나 방문하게 되었습니다. 일단 호텔식
1인 수액실문구와 다양한 문구 베너들이 생각나 이곳을 방문했는데, 침대는 푹신 따뜻하고 조명도 간접 조명이라 아늑하게 느껴지는 공간에  진료부터 
수액 까지 친절한 의료 서비스까지 만족했습니다.
의사선생님 친절하세요
엄청친절하세욥
친절해요
매번 갈 때마다 너무 친절하세요:)
굿
신속항원검사 받았어요
굳
친절해요
의사선생님 너무 친절하시고 다른 병원보다 고객 안내도 모니터로 해 주시고 외부에  대기하고 쉬는 곳이 있어서 코로나 시국에 좋아요.
친절해요
친절해요
병원 리뷰는 처음쓰는데 원장님 이랑 직원분들 넘나 친절하셔서 감사했습니당
코로나로 다들 고생하시는데 화이팅 하시기 바랍니다!
좋아요
굿
선생님과 간호사님 엄청 친절하고 진료도 빨라요 근처 다른 이비인후과 다녔었는데 이제 여기로 가려구요
친절하고 설명 잘 해주세요^^
친절
원장님이진짜 엄청엄청 친절하셔서 앞으로 여기만 갈거같아요"
서초엔도내과의원,내과,"친절하고 자세하게 진료 봐주셨습니다. 병원에 계신 모든 분들이 다 친절하셨어요ㅎㅎ 피도 안아프게 잘 채혈해주셨고, 검사 전후로 배려를 많이
해주셔서 감사했습니다.
병원 깔끔하고 선생님도 친절하십니다👍👍
의사샘이 초음파 직접해주시고 직원분들포함 너무 친절하고 설명도 잘 해주셔서 좋아요~~
8시반부터 운영이라 출근전에 들르기 좋고, 간호사선생님과 의사선생님 모두 친절하시고 꼼꼼하십니다.
갱장히좋아여
친절하시고 진료 잘 봐주셔서 너무 좋았습니다ㅎㅎ!!
궂은 날씨,처지기 쉬운 비오는날..늘 그렇듯이 친절한 안내데스크 스탭과 환하게 환자를 편하게 맞이 해주시는 김선화 원장님..환자의 작은 소리도 크게 
들어 주시고 공감과 아픔도 귀 기울여 주시는 섬세한 진료에 무한 감사 드립니다.당뇨 수치 관리와 금연을 당부 하시는 원장님의 가족같은 진료환경에 
편한 맘으로 내원하게 되어 늘 룰루 하답니다.교수출신 원장님임에도 특권이나 권위는 뒤로한채 포근한 이웃과도 같은 진료 분위기는 여타의 병...
원장님이 항상 친절하시고 진료도 잘 봐주십니다. 
직원분들도 친절해요.
원장님께서 실력있으신 것 같아서 믿음이 갑니다.
원장님과 간호사님들 모두 친절하세요 채혈도 안아프게 넘 잘하시고 시설도 깨끗하고 다 좋은데 딱 한분 카운터 보시는 머리 짧으신건지 묶으신건지, 여
튼 그분은 갈때마다 맘이 상하네요 웬지 모를 불친절함 반복이세요 원래 성향이 그러신가봐요ㅠ
친절하세용"
로하스에스오티의원,내과,"좋아요
꾸준히 치료받고있어요
좋아요
치료는 좋은것같은데 시간이 너무 오래걸려요 ㅜ
원장님 감사합니다
치료잘받고있어요
좋아요
좋아요
좋아요
친절"
서이드림내과의원,내과,"왕친절하신 의사선생님^^ 주변에 소아과말고  초딩들 내과 어디갈지모르시는분  여기로 가면될듯합니다^^ 꼼꼼하게 잘 봐주시고 친절하시고  정확하게
 잘 알려주시려고 진료하십니다^^
원장님 친절하시고 진료도 잘 해주세요.^^
불친절합니다. 건너편 추천 합니다.
친절합니다. 
굿
키보드 타건감이 있으시지만 친절하게 진료해주십니다.
제 주치의 이십니다 ㅎㅎ 좋아요~
인상 좋으신 원장님 세심한 진료 만족해요
간호사님들이 다 친절해요 감사했어요 ^^
좋아요!!! 친절하고 좋습니다
굿
내과
친절해요
자상한 진료 감사합니다.
의사선생님이 목소리가 아주 선명해서 알아듣기 좋습니다.
간호사 분들도 다 친절하세요.
친절해요
친절해요
친절하게 진료도 봐주시고 운영시간이 비교적 길어서 퇴근하고 갈수 있어요🥹
친절하세요
원장님 친절하시고 진료도 잘 봐주세요.간호사님들도 칠절하세요.
의사선생님이친절하세용
원장님이 신뢰가 갑니다. 직원들도 매우 친절하고 병원도 아주 깨끗합니다
감사합니다 
친절해요
원장님이 친철하고 꼼꼼하게 진료 보세오
굿
병원
친절하세요 
좋아요
좋아요
좋아요
우리동네 최고의 내과인것같아요. 다들 친절하시고 좋아요
친절해요
의사쌤,간호사쌤들의 친절함 반하실거예요.
의료진 모두 친절하세용
좋아요👍🏻
친절해요
친절해요
인포쌤이나 의사쌤 다들 친절하셔영. 근데 의사쌤 장난끼가 많으신 듯..ㅋㅋ
원장쌤 짱 친절하십니다.
쿨하시고 ㅎㅎㅎ
최고에요.
원장님 간호사님들 모두 친절하시고 깨끗해요 :) 
친절하고 좋아요
친절하게 진료해주시고 과잉 진료 안하세요!
친절하세요
친절하세요
엄청 친절 하시네요!!
사람이 많아서 조금 기다려야하지만,
원장님도 그렇고 간호사님들도 친절하세요~
병원갔다가 상처 받았네요
의사샘이 너무 까칠하셔서~
친절해서 좋아요
의사 선생님 진료 잘 보시고, 간호사분들 모두 친절하세요!
친절함
장애인활동보조자를 하기 위해 마약검사받은 곳.
마약 안해도 이미 하입보이
친절하새요
원장님의 상세한 설명 이 
안심이되요
원장님 친절하시고 설명도 상세히 해주시고 더 궁금한 것 없는지 물어보시네요 좋아요 
원장님이잘생기셨어요
선생남이 너무 친절해서 좋아요👍
친절한병원이에요
내과
직원분들도 의사선생님도 친절하시고 간호사선생님들이 진짜 열심히 하시더라구요.설명도 아주 자세하게👍내시경하러 갔었는데 병원도 깨끗하고 친절해서 맘 편하게 진료받고 왔습니다.주차도 편하고 아주 좋았어요.병원은 깨끗하고 친절해야죠.👍
원장님 진료를 꼼꼼하게 보시고 거기다가 친절하세요
원장님 키보드 치는 소리가 요란하시는데 친절하시고 항생제 남용하지 않는 것 같아요.
친절하고 깨끗해요
원장선생님이 친절하게 상담해 주셔서 안심되요
좋아요
친절해요
원장선생님!!!굉장히 친절하십니다!!!
병원 좋아요!!!
넘나 친절해요
병원 제로페이가 왜 안되는데
굿
너무 좋어요
급체해서 갔어요
좋아요 
굿
좋아요 
좋아요
급하게 찾아왔는데 의사 선생님과 간호사 분들 모두 친절하셨어요! 
좋아요
잘 이용했어요
굿
굿
괜찮아요 
친절해요
진료가 꼼꼼하고 친절하세요
좋아요
내과
꼼꼼하게 진료해 주시고 친절하세요
의사선생님. 유쾌하고! 친절하십니다.
친절하고 좋아요! :)
좋아요
굿
감사합니다 
좋아요 
의사샘이친절하고 자상해요
친절해요
친절하세요
좋아요
우리 가족이 주치의 선생님처럼 여기는 참 감사한 곳입니다. 
조아요 
내과
병원
굿
조아요
조아요
병원
굿
병원 깨끗하고 주차장 시설도 좋네요
원장선생님 친절하고 간호사선생님들도 친절 하네요 
특히 내시경실 간호사선생님! 긴장하는 저를  편안하게 잡아 주시고 감사하다는 말 전하고 싶어요
굳
친절해요
친절해요
방문할때마다 너무 친절하셔서 기분이좋아요"
김진경내과의원,내과,"친절하시고 가까워서 좋습니다.
원장님 친근한 느낌나고 좋아요 진료도 잘 봐주세요
친절해요
진료 친절하게 봐주셨고 처방 잘 해주셔서 금방 좋아졌어요. 
열이 39도 넘는다고 링거 안맞는거라고 안놔주셨어요 친절한선생님 이셨어요
간단진료 편하게 받아요
편안한 진료 감사합니다.
굿
친절하시고 병원은 굉장히 오래되보이는데 원장님이 진실하신것 같아요 꼼꼼하게 진료해주셨습니다~^^ 동네가 자주 갈것  같아요
자주 가ㅡㄴ 병원이에요"
푸른내과의원,내과,"상담을 잘해주세요
좋아요
문의전화를 드렸을 때 친절하게 응답해주셔서 좋았습니다. 바로 링겔을 맞아야하는 상황이었는데 정말 감사했습니다😭 외관도 깨끗해요! 의사선생님
과 간호사 선생님들도 다 친절하시고 꼼꼼하시고 맞는 처방을 해주십니다! :) 직장 근처여서 더 편하네요 :)🩷
친절하게 잘 봐주세요
좋아요
특별한 원인 없이 컨디션이 저하되고 살도 많이 쪄서 여러가지 검사 진행해주셨는데 대사가 안된다는 점을 알게 되었습니다 친절하게 설명해주시고 원인을 찾기 위해 끝까지 노력해주셔서 넘 감사합니다 
친절해요~~
저는 해외에서 5년 살다가 올해 복귀했는데요 체중이 12kg정도 빠지고 다갈 다뇨 등 당뇨증상이 있길래 의심하고 있다가 서울출장 때 사무실 근처 푸른
내과의원을 찾았습니다. 대기실에서 이송주 선생님 저서랑 방송 출연자료를 보고 유명하신 분이구나하고 안도는 했는데 실력과 상담해주시는 모습을 
뵙고 참의료인이시구나 하는 생각이 들었습니다. 적기에 당뇨진단해 주신 것과 함께 대기자가 아무리 많아도 약처방, 식이요법을 30분 넘게 차분...
킬레이션 치료 10회 이상 받고  동맥경화 증세로 인한 손발 저림과  고혈압이 많이 좋아졌어요 잘차료해주시고 상담해주셔서 감사드려요 파부 알러지로
 계속 힘든데 같이 치료받을 수 있어서 좋습니다
모두들 친절하셔요
좋아요

친절한 진료
갑상선검사받으러 방문~~직원분들 친절하시고.원장님도 세세히 상담해주셔서 맘편히 받고 왔어요~ 깨끗한공기를 몸속에 넣어주는 캡슐이 있었는데. 
그것도 해주셔서 넘 좋았답니다~ 로비에 원장님이 쓰신 책도있고.티비에도 나오시는듯!
굿
굿
친절하게 잘 진료해주십니다:)
친절하게 진료해주십니다.
항상 직장에서아플때마다 저를 살려주시는곳. 친절히잘진료해주시고 고열인데 수액맞고 잘나아서다행이에요..
친절해요
왠만해선 귀찮아서 안남기는데..정말 선생님 친절하시고 꼼꼼히 봐주시려는게 느껴져서 감동입니다. 직원분들 친절하고 인테리어도 깔끔하고 좋아요 
간호선생님, 의사선생님 모두 너무 친절하세요.  내부도 깨끗하고 퇴근하고 갈 수 있는 병원이 없어서 버스타고 일부러 찾아간건데 진료받으면서 마음이
편했어요. 너무 아파서 정말 길바닥에 눕고싶었는데 약도먹고 수액도 맞고하니 좋아졌어요.  한번 더 가고싶은데 화요일이 늦은진료 날이어서 다음 진
료때 가야할거 같아요. 추천해요.
국가건강검진 받으면서 위대장 내시경 했어요 계속 다니던 병원이어서 안심하고 편하게 검사 받았습니다 용종이 잘 생기는 체질인지 매번 용종이 나와
서 이번에도 대장 폴립 4개 제거 했어요 항상 친절히 대해주시고  꼼꼼히 진료해주셔서 감사드려요
감기로 고생했는데 약먹고 금방 떨어졌어요 
원장님 친절하시고 병원 깨끗하고 약 잘 듣습니다
면역치료 주사 맞고 있습니다 작년에도 몸이 너무 안좋아 내원 했는데 이렇게 제 면역을 올려주는 병원은 여기밖에 없습니다. 간호사 샘들도 넘 친절하
시고 주사시 일일이 뭐뭐 들어가는지 다 설명 주시고 🙏🏻 원장님 너무 친절하셔요 세상 이렇게 환자맘을 공감하시고 치료해주시는 원장님은 없으세요  
세상 천사이십니다♥️
엄마 슈링크 해 드렸어요. 비싸지도 않고 원장님이 꼼꼼하게 잘 해주세요. 추천해요!
위내시경하고 건강검진 받았어요. 병원 깨끗하고, 환자분들도 많은데 예약하고 가서 그런지 대기시간 거의 없이 바로 들어갔어요. 예약하고 가세요^^ 원장님 뿐만 아니라 직원분들 다 친절하시고, 내시경 결과때도 알아듣기 쉽게 설명해주시고, 감기 치료까지 같이 했는데 과잉진료 없이 잘 해주셨어요. 집에서 거리가 좀 있는데 그래도 여기 계속 올 것 같아요. 
하루에 진단의뢰서 2장 못뽑는다며 다시 방문하게해서 2번 진료비 받으시고, 
대기하는곳에서 의사분이 몇마디해주시고 진료비 받으시네요? 
한번에 주시던지 아님 진료실에 들어가서 말씀을 하셔야지 불쾌하네요 
친절하고 좋습니다 
감기때문에 방문했는데 원장님 너무 친절하게 진료 봐주셔서 좋았어요~~
드디어 얼굴에 기미 없애기 했습니다.
친절하게 설명해주시고 기분좋게 마치고 갑니다.
^^
몸살, 오한, 인후통으로 방문했는데. 병원 많이 다녀봤지만, 정말 친절하세요. 의사선생님이 환자 이야기를 이렇게나 잘 들어주시다니 대단히 감동적입니다. 영수증 리뷰 남기려고 받아왔어요. 
친절해요 
점심시간없이 진료 가능합니다
수액맞으러 또 방문했어요. 점심시간에 와서 40분정도 시간맞춰서 맞게 해달라고하니 딱 맞게해주셔서 너무 좋았어요. 
친절해요.점심시간없이 진료가 가능해요
피부레이저시술 받고 있는데 넘 만족해서 리뷰작성합니당 가격이 너무 저렴한것도 좋은데 원장님이랑 직원분들 증말 친절하세요..🥹 다른데서 색소치
료 받았던 거보다 효과가 눈에 띄게 보여서 대만족입니다 ㅜㅜ 시술하실 때 마다 젤 필요한 레이저로 지져주시니까(?)ㅋㅋ 더 좋은 것 같아요  그리고 마
취가 너무 잘 되서 아픔을 느껴본적이 없네요.. 4회차인데 꾸준히 받으려구여~~~ 아!!!!! 원래 내과 진료 먼저 봤었는데 여기 원장님ㄲ서 만드신 유...
잘 설명해줘요
선생님들 정말 친절하고 설명 잘 해주셔서 좋습니다!!
원장님이 너무 친절하게 상담 잘해주세요. 주치의로 생각하고 매번 방문합니다. ^^
간호사 선생님도 의사 선생님도 너무 친절하시고 시설도 깨끗해요!
집이 가까워서 왔는데 엄청 친절하시고 꼼꼼히 봐주셔서 좋았어요. 앞으로 아프면 여기로 오려구요
소화불량 때문에 지인 소개로 알러지 검사했어요. 의사 선생님들과 간호사님들이 실력도 좋으시고 인정이 많으신 것 같아요.  몸에 좋은 영양제도 있어
서 먹어보니 맛도 좋아요. 또 가고 싶은 병원이에요~ 아주 많이 감사했어요. 적극 추천합니다. ^^
천사처럼 건강검진을 친절하게 진행해 주시고 피부에 맞는 크림도 추천해 주셔서 너무 좋았어요~ 여자분들에게 적극 추천합니다^^
친절하십니다^^
여자원장님 두분다 이야기도 너무 잘들어주시고 ...약도 잘들어서 매번 방문중입니다 ♥
원장님한테 프락셀, 레이저, 보톡스 등등 몇번 받았는데 피부가 확실히 좋아졌습니다. 원래 피부과 치료 아파서 잘 못참는 편인데, 여기는 별로 아프지도 않아서 좋았습니다. 비용도 다른곳에 비해 부담되지 않아서 자주 가겠습니다.
원장님  피부시술  다른곳보다  저렴하고
꼼꼼히   해줘서   만족해요
다음엔 딸이랑  같이 오기로  했어요
원장 선생님 완전 친절하세요.
모든 간호사 분들도 친절하세요
자주 갈거 같아요
너무 친절하고 진료도 너무 잘 봐주세요 
작년말 혈압이 갑자기 높아지고 컨디션이 안좋아져서 동맥경화 검사해보니 혈관 나이가 거의 80대로 나왔어요 ㅠㅠ 상담 후 킬레이션 치료를 받고 있는
데 지금 8회차쯤 되니 효과가 나타나는지 혈압도 안정되고 두통도 없어졌어요 비슷한 증세이신 분들께 추천하고 싶어요
시설도 깔끔하고 모두들 친절하셔서 감사하게 다녀가요! 
친절해요 
엄청 친절하시구, 환자가 원하는대로 처방도 항상 물어봐주심 !  쓰러질뻔했는데 링거맞구 살아났어요ㅎㅎ 의사선생님도 너무 예뻐요👍👍
원장님. 선생님들 친절하게 잘봐주셔서 좋았어요~~시설도 깨끗하고 좋아요~~
킬레이션 하는 병원 알아보다 푸른내과의원에서 한다기에 왔어요 상담해준 전선생님 덕분에 시작하기 쉬웠어요 감사합니다 
검진을 받으러 왔는데  이송주원장님  넘  친철하시고 설명도 쉽게 해주셔서 좋았어요~ 평소 혈관이 안보여서 여러번 찔렀는데 권선생님이 한번에 해주셔서 더 좋았어요 혈관없으신분들 특히 강추입니다
마스크를 벗는 시기가 돌아와서 맘 먹고 피부관리 받으러 왔어요 양재역 근처에 주차도 가능하고 저렴한 가격에 친절한 의료진까지 넘 좋아요 지난번 피
부관리 받고 사람들 반응이 좋았는데 이번에는 더 좋을듯 하네요 주변 사람들에게 적극 추천중입니다 ^~
저번 방문때 감기 초기 증상이 있어서 약 처방 받고 수액도 맞았는데 몸이 바로 괜찮아져서 또 재방문했어요!👍👍
원장님이 진료도 꼼꼼히 친절하게 봐주시고 간호사 선생님들도 다 친절하세요.👏👏
이제 아프면 푸른내과가 제일 먼저 생각나서 리뷰 또 남깁니다. 감사합니다!!!!🙏
다녀오자마자 기분이가 좋아서 태어나 처음으로 사진 후기 남겨요. 원장님께서 직접 코디해서 슈링크 포함 몇가지 시술해주셨는데요,  2년간 다녔던 다
른 피부과에서의 적당한 만족감을 후회할 정도에요. 진작 올걸!!!  받자마자 얼굴이 너무 반들반들해져서 아직도 신나있어요.  올 한 해 이중턱과 탄력, 다
크써클, 오타모반 제거에 주력을 다하기로 했는데 제대로 된 곳을 찾은 것 같습니다. 송주 원장님 감사합니다!! 다담주에 꼭 뵈어요
친절
소화가 안되서 내시경하고 국가건강검진 대상자라 검진까지 받고 왔어요 연초라서 대기없이 바로 해서 좋았네요 식도염 진단받았는데 원인이랑 생활습
관 지적해주셔서 잘 이해했어요 이번에는 건강검진 결과지 받고 설명 들었어요 잘 진료해주는 친절한 병원입니다
여기 원장님 찐이세요 유산균도 이름걸고 직접 만드시는 분이셨어요!!! 저는 6살때부터 위장이 너무 안좋아서 내과를 집드나들듯이 다니고 수액을 달고
살았거든요 역류성식도염이 4년째 안나아서 대학병원도 다녔었는데 과도한 스트레스라고 정신과 권유받기만 하고 낫지는 못했어요 여기서 유기산검사
라는걸 처음해봤고 원장쌤이랑 3주 프로그램으로 위장한번 고쳐보기로 하고 오늘은 경과보기+2주차 약 처방받으러 왔네요 1주일동안 위장과 식...
ㅇ
항상 다니던 병원인데 전에는 산부인과랑 같은 층에 있었는데 이전해서 건물 5층 단독으로 사용해서 더 조용하고 쾌적하네요 이송주 원장님 상담도 잘 
해주시고 친절하세요 제 경우는 피부, 혈압관리, 정기건강검진, 알러지, 소화기 계통으로 병원 다닐 일이 잦은데 여러가지 건강 문제를 한 병원에서 모두
상담 받을 수 있어서 참 좋아요  간호사 선생님들도 모두 친절하셔서 병원가면 긴장하게 되는데  편안하게 대해주세요 이전 문제로 몇 달 휴진했...
푸른내과 다녀 왔어요~오랜만에 깨끗하고 환경이 좋은 병원 만나 만족했어요~ 원장님과 직원분들 넘 친절했고 무엇보고 원장님께서아픈곳을 자세히 
진료해 주셔서 완전 만족했어요~ 짱이예요~^^ 피부레이져 시술도 하신다니 자주 갈꺼 같아요~^^
건강검진 후 나온 결과를 꼼꼼하게 설명해주시고 처방 약도 설명해주시니 너무 좋습니다
친절하고 여유있는 진료 시간으로 궁금한걸 다 물어볼 수 있으니 저만의 주치의같아 추천합니다 ^^
선생님 감사합니다~~~^^
임파선이 심하게부어 갔었는데 수액맞고 괜찮아졌어요~~^^  회사근처에 내과가없어서불편했는데 종종 이용할려구요~~
다니던 내과에서 오진+과잉진료로 낫지도 않고 각종 검사만 하고 고생하다가 푸른 내과에 갔는데 초음파 보면서 상세히 설명해주시고 괜찮다고 약 먹으
면 낫는다고 진정시켜주시고 시킨대로 약 먹고 했더니 며칠내로 증상 사라지고 오늘 확인하니 이제 괜찮다고 하시네요. 그 전 병원에서 겁만 잔뜩 주면
서 쓸데없이 검사 많이 한 거 진짜 화나고, 담백하게 딱 진료 봐주신 푸른 내과 쌤께 너무 감사해서 카드 인증까지 해서 네이버 리뷰 처음 써봅니다...
앞에서 설명해주시는 분들은 친절한데 의사선생님이 꼼꼼히 봐주지 않으세요. 목이 부었다고 해도 봐주시지는 않고 다른증상 없는지 말로만 빠르게 체크하시고 가셨네요. 별로 다시 가고 싶지 않네요. 
지인의 소개로 복합레이저 시술을 했는데 나의 얼굴 피부에 맞게 다양한 최신레이저 기계로  꼼꼼하고 정성스럽게 시술을 해주셨어요. 1번하고도 다른피부과 여러번 다녀온 효과를 본것같아요. 가격대비 시술내용이 너무 맘에듭니다.
친절해요~
감기 증상으로 방문 / 열도 안재고 약 1-2분가량 목만 확인 후 진료 끝, 내과진료로는 다신 안올 생각
친절해요 
굿
자주보는 지인이 급 얼굴이 환해져서 여쭤보니 여기서 레이저 시술을 한번 받았다고 하셔서 저도 상담받고 피부 레이저 시술이랑 점 쥐젖 제거를 했는데.. 원장님께서 정말 꼼꼼하셔서 점이나 쥐젖은 제가 모르던것도 제거해주시구 저도 일주일정도 지나면서 점점 얼굴톤이 더 밝아져 만족합니다 그래서 꾸준히 다니려구료
선생님이 설명을 잘 해주십니다
환절기라 면역력도 떨어지고 감기 기운도 살짝 있는거 같아서 초기에 수액맞고 약처방 받았어요!
간호사 선생님들도 다 친절하시고 원장님도 친절하게 설명도 너무너무 잘해주세요..:)😀
수액 맞고 몸이 바로 좋아져서 기쁜 마음에 리뷰 남깁니다! 처방받은 약까지 먹으면 완전 좋아질 것 같아요!! 감사합니다!!!👍👍
병원 이전 후 처음 방문합니다 작년 이맘때 우연히 검색해서 방문후 의사 선생님께서 시원시원하시고 궁금한거 다 답변해주시고 무엇보다 말씀 톤 말씀
하는 방법이 환자를 안정? 시켜주시는 것 같아 이번에는 딸아이 데리고 방문했어요  추천드립니다 #내돈내산
ㆍ
진료 꼼꼼히 봐주시고 친절 해요
깨끗하고 친절해요
좋네요 
병원깔끔합니다
친절 해요
아침일찍 진료가 가능해서 좋아요
친절하고 깨끗합니다^^
굿
좋아요
깨끗하고 좋아요
평소에 고민이었던 피부 착색때문에 상담받고 레이져 한번 받았는데 오랜 피부 착색도 사라지고 피부도 환해졌어요!
원장쌤도 간호사쌤들도 너무 친절하고 병원도 깨끗하고 주차며 위치며 빠지는게 하나도 없네요!

원장님이 너무 친절하시고 환자 진료 경력이 많으셔서 그런지 진료를 너무 잘봐주세요~ :)
이것저것 궁금한게 많았는데 답변도 정성껏 해주시고 내과라 그런지 정말 다양하게 진료를 봐주시더라구요~ 전 지인소개로 피부 시술 받았는데 마무리까지  꼼꼼하고 정성스럽고 가격도 넘 만족해서 케어 잘받고 갑니당~  재방문의사 10000%  정기권 끊고 가요~
내과 진료받고 피부시술도 받았어요! 원장님 너무 친절하시고 좋으셔요 :) 새로 확장이전해서 그런지 고급지고 깨끗해서  꾸준히 다니려구요. 
꼼꼼한 진료와 친절한 간호사님들 짱!"
연세더맑은내과의원,내과,"의사쌤 간호사쌤 모두 다 친절하시고 좋아요
굿
👍🏻
의사선생님 친절하세요..

좋아요 
;-)
몸이아플때 가는데 좋아요~
친절하네요
친절하시구 되게 꼼꼼하게 봐주세용 원래 광주 피부과 다니다가 가까운곳 간건데요 굿 비용도 저렴함!!
감기 때문에 코로나, 독감 검사했습니다~ 대기가 많지만 직원분들이 너무 친절해요!!
친절하고 따뜻한 진료였어요. 처방 주신 대로 먹고 빨리 나았습니다. 감사합니다.
2번째 방문 후 완쾌됐습니다. 내장이 아프니 너무 고통스러운 마당에 회사에 휴가를 계속 쓰기도 곤란한 상황이었는데 살려주셔서 너무 감사합니다!
- 박해일 원장님 차분하게 진찰 해주셨고, 설명을 친절하고 자세히 해주세요. 결장염+위장염으로 생애 첫 수액 맞았는데 처방약 7일 딱  먹고 잘 나았습니다🙏🏻 과잉진료 없으신 것 같고 역삼역 근처 내과 강추입니다🕊️ (사람은 좀 많아요!)
- 수액 놔주셨던 단발머리 간호사분도 차분하고 안 아프게 잘 하세요.. 덕분에 살았습니다 휴
굿
굿굿
감기 잘 나았어요 감사합니다:)
5/16 오전 9시에 방문했습니다. 9시30분 진료 보기 전부터 사람이 많이 대기하더라고요. 원장님 친절하세요. 그리고 수액과 항생제 주사 놓아주신 단발 
생머리 인포 간호 선생님께서도 친절하셨습니다. 그런데, 여기 인포 선생님 3분 중 가장 왼쪽에 계심 단발머리 (생머리 말고 살짝 웨이브 지시고 나이 가
장 많아보이시는 분) 여자 선생님 진짜 너무 무례하고 불친절해요. 살다 살다 병원 다닌 곳 중에 최악이었습니다. 진단 결과 방광염과 신우신염을 ...
혈압조절 잘되어 원장님께 감사
다들 친절해요
걱정했는데 독감은 아니라 다행이에요
굿
친절하세요 
친절하세요!
좋아요 
좋아좋아 
환자분들이 많아 대기시간이 좀 길긴해도 원장님하고 다른선생님들도 다 친절하세요~!
감사합니다. 수액실도 넓고 좋았어요. 빨리 나을게요~
좋아요 
컨디션 안좋을 때마다 수액 맞으러 가는데 효과 좋아요 :)
친절해요 
의사선생님도 자상하시고, 간호사선생님들도 베테랑이에요. 피검사도 하나도 안아팠어요~
A형간염 접종했습니당
모두친절하셔서 좋아용
친절하고 좋아요 
샘 목소리가 좋아요
굿
ㄷ
굿
ㅈㅇ
사람 너무 많아서 일찍 가야한다는게 단점이지만 진료 잘 봐주세요
친절하고  시설 좋아요
점심시간에는 조금 웨이팅이 길다. 하지만 전체적으로 친절하시고 과잉진료 안 하심
굿
굿
친절하십니다
굿
좋아요 
조절안되던 혈압 잘 관리해주셔서 감사합니다
좋아요 굿굿
친절하시긴 하나 간호사분들끼리 사이가 좋으셔 아픈 환자 앞에서 수다 떨듯이 너무 웃으며 떠들고 그러네요. 공과 사 구분해 주셨으면 좋겠어요
의사쌤 간호사쌤 다 친절한 편이에요~ 수액이 좀 비싸긴한데 좋은 약이겠거니 그냥 맞았어요...
ᆢ
깔끔하고 역삼역이랑 가까워요
항상  이용해요.
의사선생님 친절하세요 ◡̈ 
굿
세심하게 잘 봐주세요! 친절하십니다~
병원시설좋고 깨끗하네요 의사님 직원분들 모두 친절하십니다
과잉진료 없이 필요한 진료만 잘 해주세요
항상 믿고 가는 곳입니다
내과
친절하세요
굿
도움 많이 주셔서 감사합니다
친절해요.  
친절합니다
친절하시고 진료도 빠르게 진행됩니다~
역삼역에서 가깝습니다~
좋아요
정기적으로 가는 병원입니다.
친절하고 진료 잘 봐주세요
친절하고 깨끗해요. 
친절해요
굿
친절해요
귯
좋아요
친절해요
좋아요 
굳
우리 가족 주치의 
좋아요
독감 백신 잘 맞았어요
굿
좋아요 
좋아요. 컨디션 안 좋을때 주기적으로 수액 맞으러 가는 곳이에요.
친절해요
간호사님들 친절해요 좋아요 :) 
알러지주사 효과 좋았어요
ㅈㅇㅇ
친절해요 병원 깨끗!
회사 근처에 있어서 갔어요.
친절해요
약먹고 많이 좋아졌어요
굿
친절
좋아요
좋아요
친절합니다 
굿
일부러 검색해서 찾아왔는데 원장님 친절하시고 잘보시네요 :)
깔끔하고 친절해요 :)
냉방병 같아서 방문했는데 수액맞고 약먹고 나니 많이  좋아졌어요!
좋아요
좋아요 
굿
의사 선생님 진료도 꼼꼼하게 잘 봐주시고 몸이 안좋아서 수액을 맞았는데 너무 편안하게 잘 맞고 좋아졌습니다~! 딱 필요한 진료만 해주시고 넘 좋았습니다:) 자주가는 병원이에용🤗
깔끔하고 음악도 잔잔하니 좋구 친절하세요 ;)
친절해요
원장님 항상 너무 친절하시고 강추입니다.
내과는 여기로 정착하려고요
엄청 친절해요.
원장님이 정말 친절하시고 성심껏 진료해 주세요. 
원장님이 친절하고 좋네요. 회사도 근처인데 앞으로 계속 방문할거 같네요
회사근처라 방문했는데 원장님도 넘 친절하시구
수액맞고 몸이 완전히 회복됐어요 ~~!:) 
앞으로 병원은 여기로 가게될거같아요 ~!^^ 
친절해요"
휘마의원,내과,"정직하게 좀 ..
:)
:)
열이나서 독감인가해서 갔더니 청진도안하고  열재고 목한번보고끝
일요일이라 어쩔수없이갔는데 진찰료만겁나비싸요. 독감검사 코로나 검사도없습니다.
:)
친절하세요
:)
:)
원장쌤과 선생님들 정말정말 친절하시고 좋아요 🙂
굿"
더독한내과의원,내과,"항상 진료다녀오면 안심이에요
아이가 복통이 좋아졌어요
감사합니다
좋아요
눈이 안떠질정도로 퉁퉁붓고 온 얼굴에 발진 올라와서 몇달 안남은 웨딩촬영에 걱정이 태산이었는데, 다른 병원 몇번을 가도 이유모를 알러지라며 잘 듣
지도 않는 약만 계속 먹고 고생이었어요.  근데 한원장님 만나고 친절한 설명에 디테일한 복약지도를 통해 꾸준히 관리하고 결국 웨딩 촬영도 이쁘게 잘 
하고 왔습니다:) 간만에 환절기 알러지성 비염으로 재방문 했는데 감사하단 인사를 깜박하고 그냥 왔네요. 첫 방문 이후 병원은 더독한내과만 가...
수액 잘놓고 잘 낫길래 갔는데 이번엔 수액 바늘도 잘 못놔서 수액맞는 내내 평소랑 다르게 아프고, 병원 점심시간 전에 수액 다 맞게 하려고 수액 내려
오는 속도도 빠르게 해놓으셨더라구요. 결정적으로 링거팩 바로 밑에있는 작은 투명 통에 수액이 많이 남았는데도 불구하고 다 맞았다고 억지 쓰면서 수
액 빼는거 보고 놀랐습니다. 다른 병원에서는 수액 자체가 안보일때까지 항상 다 놔두시던데… 직원분들께서 점심시간이 많이 중요하셨나봐요. ...
친절하고 좋아요~
불필요한 검사 안해주셔서 좋아요
친절해요
안녕하세요? Dr. Han 지난 9.11.자  방문하여(첫방문) 비염 앨러지 진단받고 nasal spray & anti-histamin 약 처방 받아 복용했어요. 1주일후 증상이 완화
되며 나은거같아요. 그따 감기와 다른 비염 증상을 자세히(& 친절히) 설명주시어 이해에 도움이 컷어요. 감사 ^^. 지금의 70세~ 는 이전의 나이먹은 것과
다르기 젊게 살게 되었다 한 말, 맞습니다. Dr. Han을 통해 살아있는 증명이 되니까요 ^^. 인플루엔자(독감) 백신을 맞는 시기 인거 같아요. 추석 지...
좋아요
청소년 환자 눈높이에 맞추어 설명해 주셔서 감사합니다.
친절하시고 자세한 설명 모두 만족합니다!!👍👍 제가 다녀본 내과중에 최고...
항암중이여서 링거를 맞기위해 처음 방문한병원에 웃으면서 반겨주시는간호사쌤과 무조건! 억지로라도! 잘먹고 운동의 중요성을 강조하시는의사선생
님에 신뢰감이 갔어요. 이번에는 코로나로 남편과가서 수액을 맞으려하니 저는 탈수도없고 괜찮다고 수액도 놓아주지않더라구요..좀 섭섭하긴했지만 
과잉진료하시지않은모습에 요즘은 더독한내과 홍보하고다닙니다.^^  선생님 건강하셔서 오래오래 진료봐주세요.. 감사합니다 
친절해요
그날 운이 없으면 대기가 좀 있을 수 있는데...  의료에 대해서 자세한 설명을 하시는 분이라서 진료보고 왜 그런지 확~  느껴졌어요.  환자분들께  최대한 쉽게 설명해 주셔요..  대기는 충분히 감안하시고 가실만 합니다.
원래 리뷰같은걸 귀찮아서 엄청 좋다고 느끼거나 나쁘다고 느끼는 곳 이외에는 안남기는데 너무 좋아서 리뷰 남겨요! 집에와서 리뷰를 쭉 살펴봤는데 어
떻게 이렇게 좋은리뷰만 달렸는지 이해가 가네요 건강검진 차 내원을 하게 됐는데, 들어가자마자 너무 깔끔하고 고급스러운 인테리어가 반겨줬고 여타 
동네병원 이미지를 생각하니 전혀 매칭되지 않는 고급스런 이미지였어요. 그러고 접수를 도와주시고 또 진행해주시는 선생님부터 조금 과장해 표...
이사하고 난 뒤, 믿고 다닐 병원을 찾기 어려웠는데 세세하고 섬세한 진료 및 문외한 환자에게도 알기 쉽게 설명해주시는 선생님이 계셔서 앞으로도 아픈 일이 생기면 이곳을 와야겠다고 생각하게 되었어요! 의사 선생님, 간호사 선생님 모든 분들이 친절한 곳이라 진료 받으면서도 감사한 마음이 드네요🫶🏻
친절하고 아픈데를 꼼꼼하게 설명해주시고 약도 알맞게 처방해주셨어요. 인테리어도 깔끔해서 편안한 느낌이 들어서 좋아요
너무나 자세히, 알아듣기쉽게 설명해주시고 성심성의껏 진료봐주시고 조언도 많이해주세요. 
원장님이 정말 제 증상과 원인에 대해 자세하게 설명 잘해주셨어요. 제가 위장이 안 좋아서 십년 넘게 병원을 여기저기 다녀봤는데 이런 자세한 설명은 
처음이었습니다. 다른 병원 예약했다가 못 미더워서 양재역 위내시경 검색해서 갔는데 내시경 할 단계가 아니라고 하셔서 일단 안 했고요. 병원 내부 너
무 깨끗하고 쾌적, 고급스럽고 간호사 분들도 전화 예약할때 예약 변경 전화 했을때 모두 굉장히 친절하게 응대해주셔서  가기도 전에 기분이 좋...
동네에서 좋아해요
집에서 가까워서 좋아요

다들 친절하시고 설명도 꼼꼼하게 해주셔서 좋았습니다. 
너무 훌륭한 병원입니다. 부모님도 모시고 가서 한번 검진도하고 처방도 받으려고 맘 먹게 되네요. 너무 만족스럽습니다. 정확한 진단, 처방 그리고 친절하고 시설도 매우 좋습니다. 장비도 모두 최신 ( 제가 기기는 잘모르지만 딱 봐도 그렇게 보입니다) 체성분 분석기도 첨 해보는 기기였는데 좋아보였습니다. 정말 진심 강추입니다
의사선생님께서 엄청 친절하시고 상세하게 알려주실려고 해서 편안하게 진료보고 돌아갑니다~
과잉진료 없으시고 약재 설명도 해주셔서 친절함에 감동먹고 가요! 간호선생님들도 다들 친절하셔서 의료 서비스 정말 최고댜💖
직원들부터 의사쌤까지 전부 친절하시네요!!👍👍과잉진료 일절 안하시고 궁금한점 하나하나 세세하게 알려주세요!!! 이제 내과는 여기로 정착
정말 정확한 진단을 해주시고 성심을 다해 진료해 주는 곳 , 아이 키우며 아이가 많이 아플 때 큰병원 가지 않아도 믿고 갈 수 있는 동네 유일한 병원이에요
원장님 감사합니다 이번에도 열 금방 잡히고 덕분에 온가족 고생 덜 하네요
강추 너무 좋아요 동네 병원 여기만 갑니다
알러지부터 코로나 감기 비타민D주사, 수액까지 다른 병원보다 가격도 착하고 간호사 선생님들도 친절하시고요, 무엇보다 원장님 진짜 최고입니다
일 하는 곳 근처라 일단 가보긴 했는데 좋네요. 다들 친절하시고 병원도 깨끗해요
직원분들 엄청 친절하시고, 원장님 진료 역시 친절하고 상세히 설명해주십니다. 입장할 때 손씻기 할 수 있게 동선이 디자인된 것은 인상적이였습니다. 최고
실력있는 친절한 의사선생님!  
감사합니다!
선생님이 친절하고 상세하게 설명해 주세요
병원에서 여유를 찾는다는게 힘든일이다. 가기까지도 망설여지고 가게되면 걱정이 이만저만이 아니거든요. 3주재 통증있는 위염의 원인을 찾기위해 웹
써핑하다가 병원이름부터 벙상치않은 <더독한내과>에 끌려 드디어 오늘 방문했딘. 규모.인테리어. 기기 .화장실무드 등 어는것하나 소홀히  관리한것도
없어서 기분이 좋은데 원장님. 간호사님 모두 참의료인이다. 환자를 안심시키는 심리적 스킬은 최상급이며 내시경 결과후 설명은 편향적이지 않...
원장님께서 아주 상세하게 설명을 잘해주십니다. 정기적으로 검사 받고 체크할 계획입니다. 
원장님도 간호사님들도 모두 친절하세여
깨끗한 실내와 친절한 간호사님들, 진찰도 정확하게 잘 해주시는 선생님까지
계셔서 대만족하고 갑니다.
왕친절하십니다.
진료도 대충보지않으세요
의사선생님 설명도 친절하시고 병원진료후 전화로 몸상태체크도 해주셨어요
너무 친절하고 자세한 상담에 재방문의사 있습니다~!
어떤 약인지 어떤 수액을 맞는지 하나하나 자세히 설명해주시고 아픈이유도 자세히 설명해주셔서 좋습니다!
넘나 친절하고 쉬운 설명  좋아요  전 예당쪽사는데 교통도편하공  아 수액치료후  어지럼증상응 갑작스런 영양공급으로인한 어지럼일가요?문의하는걸 깜빡 ㅎ.ㅎ 여튼 주말에  내시경검사도좋고  청력함이 느껴져서  간호샘들도 넘나 친절  감사합니다
아이가  항생제먹어도 열도 안떨어지고 밤에 열경기로 정말 너무 놀래고 삼일밤을 새다가 찾아갔는데 정말 원인 꼼꼼히 파악해주시고 치료계획알려주
시고 간호샘들 아이달래주시고 빨리나으려면 어떻게 해야하는지 아이에게 설명까지 잘해주셔서 정말 너무 감사합니다 직접 물먹는 법 아이에게 설명해
주실 때는 정말 선생님께 감동했네요 직원분들 모두 아이들 상상속에나 있는 병원 같아요 이런 리뷰가 다른 환자분들이나 직원분들께 도움은 안...
좋아요
갑자기 아파서 가게됐는데 설명도 친절하게 해주시고 링거맞고 금방나았어요!
정말로 친절하시고 데스크 선생님들 응대가 유연합니다 원장님께 진료받았는데 들어가서 대충 상담하고 바로 약짓는것과 다르게 세세하게 알려주셔서 
좋았어요. 다음에도 방문할 의사있습니다
병원 인테리어가 멋지고 청결했습니다.
리뷰대로 의사 선생님, 간호사 선생님 모두 친절했어요.
특히 의사 선생님께서 진료를 엄청 꼼꼼하게 봐주셔서 놀랬어요. 치료 뿐만 아니라 질병 관련한 걱정까지 덜어주셨어요. 💓
보통 병원 처음 가면 데스크에서 서서 접수증(?)쓰는데 여기는 간호사선생님이 나와서 종이판 가져다주시고 테이블에 앉아서 쓰게 해주시네요.. 문화 충
격이랄까.. 엄청 존중받는 느낌도 들고 의사선생님들도 보통 의사가운 입고 계시는데 여기 의사선생님은 정장입고 맞이해주셔서 내가 병원 온게 맞나..?
할 정도로 깔끔하고 기분 좋았어요. 뭘 잘못 먹었는지 소화 잘 안돼서 진료받고 왔는데 일요일날 예약하면 내시경도 할 수 있는게 엄청 좋네요! 진...
의사 선생님이 너무 친절하게 설명도 잘해주셔서 마음이 놓이고 약도 잘 들어요! 병원도 깨끗하고 좋습니다^^
병원 내부가 깔끔하고 무척 친절하십니다~^^
병원 내부 깔끔하고 간호사 선생님들 정말정말정말 친절하세요
원장님께서 매우 친절하게 잘 설명해 주십니다.
친절하십니다!
원장님 및 직원분들 모두 친절하셔서 아픈 상황에도 기분은 좋았습니다
탈모약 처방 잘받았습니다 
약성분에대해 자세하게 설명해주시고 
간호사샘들도 친절하셨고  다음번에도 또 방문하겠습니다 ^^
집 근처 내과 찾다가 후기가 좋아서 반신반의하며 내원했는데 병원이 엄청 청결하고 간호사쌤들도 친절하셔서 넘 좋았어요. 무엇보다 의사선생님이 차분히 이해하기 쉽게 잘 설명해주셔서 다음번에 내과 방문 할 일 있음 재방문할 의사 100% 있습니다 :)
원장님이  증상에 대해 이해하기 쉽게 자세하게 설명 해주셔서 정말 좋았어요~
처방 해주신 약 꼬박꼬박 잘 먹고 푹 쉬어서 낫는 것은 이제 저의 몫이죠!
속이 불편해서 근처 병원은 가기 싫고.. 새로 생긴 아파트상가를 두리번 거리다가.. 내과가 보이길래 ..검색해봤더니.. 리뷰도 좋아서 망설임없이 방문했는데.. 역시 리뷰대로.. 증상에 대해서 제대로 설명해주시고.. 전 제 병명을 확실히 알게 되었네요. 지금까지 위염이라고만 얘기들었는데ㅠㅠ 앞으로도 내과는 여기만 다닐려구요.
소화기 문제로 오래 고생하다가 심해져서 갔는데 정확히 진단해주신다는 느낌을 받았습니다. 약도 잘 듣고 있구요.
내과전문의라는 자부심이 느껴지져서 좋았습니다. 병에 대해 세부적이고 정확하게 설명해주셔서 너무 좋았습니다.
꾸준히 다녀보면서 치료받고 정착할 계획입니다.
귀찮아서 리뷰는 잘 안 남기는 편인데 저도 다른 분들 리뷰보고 좋은 마음으로 찾아가게 된 병원이라 남깁니다! 후기에 다 친절하다고 적혀있어서 반신
반의 하는 마음으로 방문 했는데 인포데스크에 계신 선생님들부터 너무 친절하셨고 진료봐주신 한승효 원장님도 굉장히 친절하셨습니다. 약 처방 목적
으로 방문 했고 이런 경우 보통은 처방만 해주시고 넘어가는데, 원장님께서 각각 약 부작용과 어떻게 복용하는 것이 가장 좋은지에 대해서도 친절...
여지껏 만나본 선생님중에 👍 였어요~
모든 궁금중에 성의있고 진심인  마음으로 대답해 주셨어요~
퇴근 후 방문할 수있는 야간진료 병원 찾다가 우연히 리뷰보고 갔는데 진짜 너무너무 친절하시고
평생 달고살던 위염인데 처음으로 상세하게 설명해주시고 (다른 병원에서는 위내시경찍고 부었다고 하고 어쩔수없다 식이었음)
약처방해주셨는데 와 진짜 드라마틱하게 일주일만에 나았습니다;; 제 의느님이세용,,, 주변에 엄청 추천하고다닙니다
원래 굳이 영수증리뷰 잘 안쓰는데 씁니닷 통화할 때부터 직원분이 너무 친절하셔서 좋았는데 방문해서도 모든 직원분들이 다 친절하셔서 기분 좋았어요 의사 선생님도 친절하시고 설명 잘해주십니다 굳
진료 친절해요
너무 친절하세요. 
저 여기 알게된 후 여기만 다니는데 아픈 부분도 다른 경우에 수에 의해서 달라질수 있다고 이것저것 검새하봤는데 다행이 건강하니고 나왔네요 이 벙원
을 다니면 뭐낙 제가 몸이 낫고 있다는 상각이 들어오 일반 감기악 먹고 끝나는 게 아니라 제 몸 상태룰 구체적으로 들을수 있어써 감사합니다 이시 가기
전에 자주 가야겠어요 ㅠㅠ 다 친절하시고 따뜻하고 무엇보다 원장님 옷 패건신스가…..!!!너무 멋있어요!! 그래서 장식도 예쁜 거 하셨나봐요! 들...
남편이랑 위내시경 같이 갔는데 직원분들께서 정말 친절하게 안내해주셔서 좋았습니다.
원장님께서도 친절히 설명해 주셔서 편안하게 진료 받았어요^^
다음에 또 방문 하겠습니다. 감사합니다.
집 근처라 다녀왔는데 의사선생님이 친절하고 상세한 설명을 해주셔서 정말 많은 도움이 되었습니다. 아픈것도 다 나아가요. 나중에 병원갈일 있으면 재방문하려구요!
아파서 병원에 일단 갔는데 병원 마감시간이 지났는데도 매장앞 서성이는 모습을 보시고 친절하게 들어오라고 하시고 진료 봐주셨습니다. 정말 너무 감사했습니다. 환자 생각하시는 마음이 남다른것 같습니다!
양재동/서초동 병원을 많이 다녀봤지만 의사선생님께서 이렇게 친절하고 설명을 잘 해주시는 곳은 처음입니다💕집에서 좀 멀지만 앞으로 이 곳만 다닐 것 같애요!! 꼼꼼하게 증상도 물어봐주시고 다른 곳 아픈데 없나 살펴주시고 덕분에 맘이편했습니다. 병원도 깔끔하고 너무 좋습니다.
옆에 있는 약국도 친절해용
갈 때마다 모든 분들 다 상냥하시고 친절하세요 한 달에 한 번 정도 방문해서 사소한 건강체크하러 갑니다! 설명을 들을 때도 군더더기 없이 깔끔하게 요약해서 얘기해 주신 원장님의 위트! 시설도 깔끔하고 더 독감 등 자주 방문하는 건 안 좋지만 이만한 병원도 보기 드문듯여-💛
원장쌤 친절하시고 정확하게 검사 해주셔서 감사했어요 간호사쌤들도 다 친절하시구 인테리어도 너무 깨끗하구 쇼파에. 충전도 가능해서 편했답니다 일반검진 초음파 갑상선 검사 잘받고 시간될때 내시경 받기로 했네요
첫 내원이었는데 추천합니다. 엘베에서 우측 문 열고 나가서 외곽 복도로 바로입니다. 깨끗하고 좋아요. 옆에 약국도 있어요. 네이버로 당일 예약했고, 리뷰 쓸 수 있는 거 알았는데 병원사진 찍는 건 머쓱해서 패스했습니다. 깔끔하고 다 새 시설이에요.
직원분들도 두 분 다 친절하시고 원장님도 친절하셨어요. 안아플거지만 아프면 또 내원하겠습니당
우연히 일정근처에 들리게된 병원 , 친절하게 상담해주시고 처방받았어요. 오픈선물도 감사합니다.
간단한 의학 상식까지 상세히 알려주시고, 친절히 안내해 주시는 전체적인 병원 분위기가 너무 밝았습니다.
나만 알고싶은  병원 병원  들어가서  나올때까지  모든분이 친절한병원이예요 의사선생님은  부드럽고 이해하기쉽게 차근차근 진료해주셨고 초음파검
사선생님도  꼼꼼히 봐주시고  간호사선생님  역시   좋으세요  망설이시거나  병원 찾으시는분들  강력추천드려요
장염으로 4-5일 정도 고생하다 증세가 나아지지 않아 방문 하였습니다 친절하시고 설명을 잘해주셨습니다. 앞으로 내과 갈 일이 있으면 방문 하겠습니다~
아이가 다른병원에서 진료받고 정확한 진단도 설명도 없어 답답하던 차에 방문했는데 정말 하나부터 열까지 다 설명해주시고 앞으로 아이가 아플 때 어떻게 해야할지까지 설명해주시고 아이도 마음이 놓여하고 또 말씀해주신대로 하니 그날 바로 설사가 멎고 통증도 없었어요!! 직원분들도 너무 친절하고 이런 병원은 처음이에요 아주 큰감동 받았어요 동네 주민들에게 널리널리 알릴게요 !!
친절하고 진료를 잘봐요
의사선생님이  위식도역류질환에  몰입하시는듯  해요..  과외선생님이 수업 하시듯  조근조근 설명하세요
새로생긴지 얼마 안되서 리뷰가 별로 없긴 한데 그 몇 없는 리뷰가 너무 좋아서 찾아갔어요. 위염증상이 너무 심해서 갔는데 일반 병원같지않게(1분진료) , 오래오래 진료 해주시고 자세한 설명까지 해주셨음ㅋㅋ 오늘 회사 점심시간 이용해서 내시경까지 받고왔네여 간호사님들 의사쌤 다 친절하시구 시설도 좋아여 ㅋㅋ 강추용 
배가 아파서 들른 내과.  접수부터 진료, 수납까지 모두 원장님이 직접 해주셨습니다.  토요일은 예약환자만 받는줄 모르고 갔는데 그냥 보내지않고 친절
히 진료봐주셨어요. 진료후 인터넷 검색해보니 오늘은 휴진이었다는 사실을 알게되고 더 감사했습니다.  병원 인테리어 하나하나 고급스럽고 멋지네요. 
 약먹고 잘 나으면 앞으로 계속 안 다닐 이유가 없네요!
매우매우 친절하신 선생님과 직원분들 좋은 시설과 실력을 겸비한곳
의사선생님이 친정하게 하나하나 눈높이에 맞춰 설명해주세요! 간호사분들도 완전 친절하고!! 대학병원 보다 좋네요 ㅎㅎ  
우와! 대학병원 온 줄 알았어요. 통증의 원인을 상세하게 문진해주셔서 신뢰가 갔고 성심성의를 다해서 환자를 봐주셔서 진료실 나올때 박수칠뻔했어요.
 그리고 간호사님들도 아주 친절하셨어요! 용산 사는데 신랑이 무조건 여기 가봐라고해서 아침부터 달려왔네요. 의미 있었습니다. 감사해요.^^
급하게 회사 근처 병원 아무데나 찾아서 간건데 너무 좋았습니다ㅠ 원장님이랑 간호사분들 너무너무 친절하세요. 개업한지 얼마 안되어서 그런가 내부도 깨끗하고 개업기념 수건도 받았어요ㅎㅎ
다니던 병원을 부득이하게 못 가서 집과 가장 가까워서 방문을 했습니다 병원분들도 친절하시고 시설도 깨끗하고 가장 놀랐던 게 의사선생님이 너무 상
세하게 상담을 해주셔서 놀랬습니다.. 여태 여러 병원을 다녔지만 이렇게 꼼꼼하게 상담해 주시는 분은 처음이네요;;; 별 얘기 안 했지만 제 증상에 대해
서도 정확하게 잘 알고 계시더라고요 .. 의도치 않게 이 병원을 방문하고 감동했네요 다른 분들도 이 병원에 대해서 알았으면 합니다 ㅠㅠ 귀찮아...
혈액검사를 하기 위해 채혈을 해야 되었는데 제가 덩치가 있어서 혈관찾기가 힘들었어요 간호사분과 원장님이 너무 고생하셨어요 인바디 검사도 해 주셨고 소변검사도 했는데 다들 친절하게 잘 해 주셨고 새 건물이고 새 기계라 깨끗해서 좋았어요 병원 갔다오고 다음날 괜찮은지 전화도 주셔서 깜짝 놀랐어요 그런 전화는 처음 받아봐서요 여하튼 챙겨주셔서 기분이 좋았어요 감사합니다 "
세연내과의원,내과,"병원 깔끔하고 친절하세요
친절해요
원장님 친절하시고 잘해주세요~
친절해요
친절
친절해요
선생님이 참 편해요
친절해요
좋아요
김경희원장님 좋아요!!
선생님이 연세가 좀 있으신데 잘 봐주시고 설명도 잘 해주십니다. 시설이 훌륭한 곳은 아니지만 내공이 있고 치료에 집중하는 본질적인 진료를 해주시는 것 같아요. 저의 경우는 주시 치료가 필요할 것 같다고 권하셔서 과잉진료를 하시려나 했더니 자신의 병원에서는 하지 않으니 타과 진료를 하는 쪽을 추천해주셨습니다. 오래 계시면 좋을 것 같아요
친절하세요
친절하게 잘 봐주세요:)
친절해요
갈때마다 진료 꼼꼼히 봐주시고,  대기없어서 좋아요
짱이에요
세세하게 봐주세요
인적사항 적으라고해서 적는데,
앞머리 없는 여자직원. 왜이렇게 사람 얼굴을 빤히 쳐다보세요 저한테만 그러는줄 알았는데 오는 사람들마다 얼굴 뚫어져라 쳐다보시네요 그거 예의 아닙니다. 그외에 다른 사람들은 친절했어요.
좋아요 
친절해요
친절하세요!
진료 보는데 시간이 좀 오래걸려요..
목이 아프다는데 어떻게 목 한번을 안보죠...? 비대면 진료 받은 느낌입니다
친절하세요
역삼동에 오래 자리잡고계신 내과선생님이세요:) 항상 친절하셔용
약이 잘 들어요
김경희
선생님 경력많아 실력 좋으시고 친절하세요~
친절하세요
주사도 잘 놔주시고 괜춘해요
연세내과🤣로 착각했었던  ...ㅎㅎ
친절하시고 옛병원느낌이지만 잘해주셔요
친절해요 
수요일은 12시반에 닫이요
굿
친절해요 
친절해요
굳. 그런데 비급여를 많이 권해요
의사분이 친절하십니다.
친절하심
친절하고 세심히게 체크해주세요 
굿
몸이 너무 안 좋아서 당연히 독감이려니 하고 검사를 받았는데 진료 해주시는 동안에도 제가 증상 말하는 거 자세히 들어주시고, 검사 방법에 대해서도 세세하게 설명해주시더라구요~ 그리고 확진을 받은 후에도 잘 다독여 주시면서 상담 잘 해주셔서 감사했습니다:)
굿굿
굿.
친절하세요
지긋하신 여의사님 한 곳에서 오래하셔서 믿음이 갑니다
친절해요
친절하시네요
친절하시고 진료 잘보세요..!
처음 방문했는데 친절하세요~
선생님 친절하시고 궁금한거 대답잘해주세요
꼼꼼하게 잘 봐주세요
친절하고 꼼꼼하고 빨리해주세용!!
친절해요 
좋아요
좋아요
친절해요
내과..
굿
좋아요 
굳
친절하시고 진료 잘 봐주십니다
굿
굿
ㅇ
친절해요 
친절
친절해요
굿
ㅋ
친절해요
친절해요
좋습니다 
.
편리해요
친절합니다
굿
굿
굿
친절해요 하나하나 설명 해주셔서 이해가 잘 됐어요
전화로 대상포진 진료 보는지 확인하고 방문했는데 보자마자 반말 진료에...상태 보자마자  모르겠다고만 하시고 진료에 대해 아무것도 듣지 못했는데 진료비까지 받으시네요 대상포진 진료 못보시면 전화로 확인했을때 안본다고 하셨으면 안갔을 텐데요..처음 방문했는데 너무 별로네요
굿
의사쌤 친절해요
자주 들려서 상담받곤해요
친절하세요
원장님 친절하시고 코로나 환자인데요 거부감없이 잘 대해주셨습다.
친절해요.
친절해요.
좋아요
마음에들어요
.
친절해요
매우 친절하게 세심하게 진료해주셨음
기분이 좋음
좋아요
좋아요
친절하시고 좋아요!!!
선생님이 친절하세요
좋아요
친절해요
좋아요
언제나 믿음가는 의사선생님이십니다
의사가 증상 물어봐서 명치쪽을 누르면 찢어질것 같아서 내원했다고 했는데 명치를 누르면 당연히 아프다고 환자 다리를 손바닥으로 한 대 때리네요. 제
가 아무리 딸뻘, 조카뻘이라지만, 너무 예의 없고 경우 없는 거 아닌가요? 환자 의사라는 관계의식 없고 무슨 동네 애 대하듯이... 의사도 당연히 서비스
업입니다. 서비스 정신 갖고 병원 운영하시고 환자 보세요. 그리고 일반 사람들은 명치 때리지 않는 이상 누르면 아프지 않습니다. 당연히 이상해..."
성모마음편한내과의원,내과,"친절 
원장님 간호사님 전문적이시고 왕왕 친절하심 👍
명의세요
명의세요
깔끔하고 친절해요
오늘은 혈액검사를 하고 왔다.
.
.
친절해요 
굿"
최희승내과의원,내과,"비타민등 영양주사 효과가 좋아요.
원장님이 친절하시고 진료도 꼼꼼히 잘봐주셔요"
이화내과의원,내과,"안내데스크 왼쪽에서 일하는 나이든 여성분, 환자 대하는 태도가 너무 고압적이고 무성의합니다. 이미 옆에 분이 이 분은 혈압, 체온체크 다 하신 분이라
말하는데 또 저한테 체온잴라하고 혈압얘기하시고...그것까진 바쁘니까 정신없어서 그렇다 쳐도 초음파 마치고 접수실 가서 채혈해달라고 얘기라라해
서 했더니 퉁명스럽게 “앉아계세요”라는 말만 반복하고...제가 굳이 가서 말하는 이유가 머겠어요? 나 한단계 끝났으니 누락시키지 말고 이름 불...
사람이 많아서 대기가 좀 길었지만 의사선생님이 엄청 잘 봐주시거 상당이 길게 해줘서 대기가 긴듯하여 만족합니다.
좋아요
굳
굿
친절하십니다. 
친절한 선생님!!
구욷
굿
친절하십니다.
좋아요
좋아요
굿
조아요~~^^
!
좋아요
의사선생님께서 친절하고 꼼꼼하세요!
궂
!
복약지도 잘해주고 친절해요
좋으요
너무 친절하시고 자세히 설명해주셔 좋아요
좋아요
좋아요
좋아요
굳
선생님이 친절하세여~
친절하세요 
굿
친절하고  좋아요
굿
친절해요~
선생님이 정말 정말 친절하세요😊 수액맞고 갑자기 두드러기가 올라왔는데 점심시간임에도 불구하고 친절하고 빠르게 대응해주셔서 기분 좋았습니다
처음 가본 내과였는데 너무너무 만족했어요. 사람이 많은 이유도 알겠더라구요! 원장님 진료 정말 친절하고 꼼꼼하게 봐주시고 진심이 느껴지는 진료여
서 너무 감사했어요..🥹 병원에서 이런 느낌을 받아본 적이 없었는데 너무 만족해서 앞으로도 병원갈 일이 있다면 또다시 여기로 올 것 같네요 :) 정말 
추천하는 병원입니다.
친절하시고 진료도 잘봐주시고 설명도 잘해주세요 좋아요~!!
조아요
원장님들 엄청 친절하고 따뜻하세요
친절하세요 
친절하고 조아요..
원장쌤. 너무 마음을 다해 화자를 보십니다. 항상 위로받고 치료받습니다
굳
굿
친절해요
친절하세요 
친절하세요 
의사선생님이 너무 친절하고 진료도 잘 봐주시고 좋아요. 간호사 선생님들은... 불친절합니다..
대기가 많지만 의사선생님이 친절하시고 세세히 설명 잘 해주시는 곳이에요.
의사선생님께서 친절하세요:)
굿
굿
좋아요
국
굿
의사쌤 진짜 너무너무 친절하세요~ 
반면 간호사들은 너무너무 불친절했어요.. 
친절해요
😄
친절해요
앞에 대기환자 24명 머선일..
그래도 의사선생님이 잘 봐주셔서 여기로 갑니다
친절진료해욤
진료잘해요
조아요
조아요
좋아요
좋아요 
굿
새러오신 의사쌤 쏘쏘..
친절하세요
친절하시고, 진료도 꼼꼼히 봐주세요.
대기가 너무 길어요;; 
원장님은 친절하신데 데스크직원분들은 
별로에요 
친절해요
주기적으로 갑니다!
친절하게 잘 설명해주시니 신뢰가 가서 좋네요
A형, b형 백신 모두 여기서 맞았어요. 친절하시고 좋아요. 
굿
목 부었다고 말하는데 목은 아예 보지도 않으시고 청진기만 대보더니 증상 그거뿐이냐고 웃으시고, 심한거 아니지않냐고 무시하고 (목 보지도 않으셨잖아요?) 이럴거면 약국가서 그냥 약 사먹었죠. 진료를 굳이 왜보나요. 불쾌하네요 진짜 
친절해요
친절해요
친절하세요 
굿
굿
👍👍👍👍👍👍
괜찮아요
진료는 친절하게 잘 봐주시는데 낮에 가도 사람들이 너무 많아서 정신이 하나도 없네용 ㅠㅠ
의사선생님이 친절하시고 불편한 곳을 정확히 잘 확인해주세요
친절해요
좋아요
굿
친절히 설명을 잘해줘요
기다림이좀있어욤
굿
친절하세요
친절해요
굿
데스크직원들이 불친절합니다.
굿
친절히진료해주세요
친절해요
굿!!
굿
항상 병원문여는 시간 전부터 붐비는 병원 ㅠㅠ 선생님들이 정말 친절하게 진료 다 잘보시구 좋습니다 :) 
의사 선생님이 친절하고 꼼꼼하게 잘 봐주십니다.
👍🏻
👍
굿
굿굿
친절해요
친절하세요 근데 대기가 너무많아요
상담이 자세해요
조아요
친절해요"
서초바른내과의원,내과,"병원이 한산~
그렇지만 친절~
효과는 아직요~
굿
친절합니다.
좋아요
친절하고 꼼꼼하게 진료 하십니다  ^^

친절하고 차분하게 진료 하십니다 
친절해요
친절하십니다
여의사선생님이 친절하게 진료를 잘 봐주세요ㆍ

간호사분들 원장선생님 모두  친절하세요
원장님이 친절하셨어요
외래로 위대장 내시경을 각오하고 했어요. 제가 다른 곳에서 해봤는데, 서초바른내과가 선생님들 감염예방을 위해 단단히 준비하고 내시경에 임하시더
라고요. 다른 곳에선 원장님만 준비하시고 간호사분들은 장갑정도만 착용하고 했는데, 여기 서초바른내과는 간호사분들까지도 다 철저하게 준비를 하
시고 임합니다. 원칙을 중요시 하는 것 같아서 신뢰가 갑니다. 그만큼 보여지는게 중요시 하면 내시경 세척부분도 엄청 신경써서 하는 것 같아요. ...
집근처 어디갈까 고민하다 갔는데 원장님 자세히 이야기 들어주시고 직원분들 모두 친절히 응대해주셔서 편안했습니다.
과잉진료 받지 않다는 리뷰를 보고 며칠 동안 장염증상으로 밥도 못 먹고 설사병도 많이 하고 몸이 힘들어서 방문 했습니다. 원장님 인상이 너무 좋으시고 간호사도 친절하고 아프지 않게 주사 놔주심으로 편안하게 맞고 왔습니다. 아무래도 수액은 비급여 항목이다 보니 가격 그렇게 문제 되진 않아요. 가격과 별게로 병원 방문 하고 나서 편안함이 좋아서 또 방문 할 것 같아요.
오전진료후 동일자 오후에 증상이 심해져 수액처방이 필요했습니다. 데스크 여직원분 그날 기분이안좋았던건지 모르겠지만, 아픈 환자에게 어쩜 그렇
게 매몰차고 싸우자는 식으로 계속 말할수있나요? 영업시간이 30분 남아 불가능하다며, 본인은 계속 ’모른다,안된다,원장님 진료중이라 확인안된다‘만 
반복하고 비웃듯이 응대하더군요. 사과는 바라지도않고, 단 한마디라도 ’어쩌죠‘라는 뉘앙스였다면 이렇게까지 불쾌하지않았을겁니다.  근처 타...
좋아요
👍👍👍
설명 굿굿!! 아침일찍 문열어서 좋아요
친절합니다.
친절해요.
원장님 과잉진료 안하셔서 진짜 아플때마다 믿고 올 수 있을 거같아요!! 피도 뽑고 주사맞았는데 이렇게 안아프게 놓는 곳은 처음이에요.. 👍 저처럼 주사무서워하고 안아프게 놓는곳 찾으신다면 추천ㅋㅋ 과잉진료 피하고 싶다면 추전
굿
굿
대기시간이 좀 길었지만친절합니다
시간이 없었는데 신속하게 진료 볼 수 있어 좋았네요.
신속항원 잘 해주시고 다른 검사도 친절하게 잘 설명해주시네요! 좋아요😄
의사 선생님 친절하세요
선생님이  친절하셔요
친절하고 과이진료 1도없어요
추천합니다
친절해요
깨끗하고 친절하십니다
굿굿
직원이 친절해요
친절하고 꼼꼼히 진료 봐주세요
조아요
1
좋아요
조아요
친절하고 시설도 좋아요

.
친절해요
굿
친절해요
건강검진 신속하게 이루어져서 편했어요
굿
긋
친절해요
친절해요
의사쌤넘친절♡
수고많으세여 코로나검사하시느라
신속항원해주시는분 세상친절
친절하세요~  시설 깨끗하고 좋아요. 의사선생님도 진료 꼼꼼하게 설명도 잘 해주시네요.
친절합니다
좋아요
깔끔하고 친절하세용
의사선생님이  친절해요
선생님 친절하세요
굿
굿
굿
친절해요
굿
좋아요 "
김일중내과의원,내과,"원장님이 약 처방을 잘해주세요~
친절해요
친절해요
친절해요
좋아요
조아요
조아요
친절합니다
진료받고 정상으로 돌아와서 넘 😀 
긋
긋
긋
좋아요
굿
푸근한 동네의원.   감기치료의 효험 크게체험했습니다.
푸근한 동네의원 👌 
진료 받고 왔습니다.!
굿
좋아요 
감기가 안나아서 ..얼마나 오래가는지
어머.토요일이 휴무네요
가깝고 좋아요
친절해요
굿
처방전 받고 옴~!
진료 잘 봐주세요
친절해요 
의사쌤 친절하세요
간단한 진료보기에 괜찮아요 보통의 병원입니다
개인적으로 권하지는 않음
좋아요
의사샘이 친절행
처방전,받고 약 지어옴~~~
좀 옛스럽긴 합니다..그래도 약 먹구 나아서 만족해요!
의사선생님, 간호사분들 모두 친절하세요! 
인터넷에 나온 백신 가격과 다릅니다. 참고하세요
좋아요
좋아요
다녀왔습니다~.
1층이라 주차쉽고 대기공간이 넓고 자세한 질문과 친절하심 화장실은 1칸임. 사람이 많음
굿
굿
굿
굿
굳
오래된 병원인데 집 가까워서 처음 와봤어요
굿
친절해요
친절합니다
얫날식 병원
도로변에 있어 이용이 편리해요
굿
좋아요
굿
접근성이좋아요
독감
과잉진료없고 원장님이 너무 훌륭하심!!
좋아요
좋아요
의사변태임.
심전도하는데 셋업은 간호사가했지만 마무리작업은 의사가 해서 여자가슴 봄 -_- 
이정도면 성희롱아닌가요
좋아요
좋아요
처방전
진찰
약
굿
굿
진찰중
빨리나아야돼
좋아요
우연히 검색하다가 리뷰를 봤는데 6월13일
리뷰에 링거맞고 기절했다는 내용이 있는데 그걸 봤었는데 저도 깜짝놀랐는데 이분은 전간증을 가지고있는 환자라고 원장님이 환자를 위로 하더군요.
좋아요
좋아요
좋아요
좋아요
꼼꼼하게 잘 봐주셔서 좋아요
1층에 있어서 어르신들이 다니시기 좋습니다.
늘 친절하십니다.
링거를 맞는데 원장님이 중간에 들어와서 더 빠르게 바꾸시더라고요 처음에 놔주신 간호사님도 갑자기 빨라졌다고 하셔서 원장님이 돌려놓고 갔다니까 냅뒀어요. 링거 처음맞는데 맞고나서 나오는 도중에 기절을 했네요. 다행히 깨어났는데 원장님은 제가 이런경험이 있지 않았냐고 무조건 있었을 거라고 제 탓을 하듯이 말하더라고요. 간호사 친구한테 물어보니 너무 빨리 맞아서 심장에 무리가 온거라네요. 죽는건 한순간이다 라는걸 느꼈습니다..
좋아요
몸이 안좋아서 닝겔맞으러 왔어요
속이 아파서 내과에 방문했어요. "
정진우내과의원,내과,"좋아요
굿
좋아요
친절해요
좋아요
굿
좋아요
친절합니다 
친절해요
괜찮아요"
카모마일의원,내과,"좋습니다.
릐사선생님이 침절합니다
친절히 설명해주시고 궁금한거 잘 알려주십니다.
친절합니다 
의사, 간호사분들이 차분하고 친절하게 대해주십니다.
감사합니다 
친
굿
여기 의사선생님과 간호사선생님들은 정말 성심성의껏 치료를 해주시는  느낌을 받아요. 환자의 호전에 마음을 써주시는 병원이에요
원장님이랑 간호사 선생님 매우 친절하시고 진료도 잘 봐주셔서 좋아요 
추천드려요
항상 친절한 원장님의 진료와 아들,딸같은
간호사님들의 서비스와 일처리가 굿입니다
친절해서 너무좋습다
친절한 곳~~
의사샘이 왕 친절하심
선생님과 간호사선생님 정말 친절하시고  환자입장에서 마음 편하게 해주시고 치료도 환자입장에서 배려해주셔서 해주세요. 제가 너무 힘들어서 궁금
한것도 많이 질문했는데 상세하게 설명해주시고 지난번 방문했을때는 더 궁금한 것 없는지 물어봐주셨어요. 진짜 의사선생님을 만났어요. 이곳에서요! 
간호사 선생님들도 친절에 감사드려요^^
항상 친절하게 처방해주시는 원장님과
함께  웃음으로 대해주는 간호사님들께
감사드립니다.
너 무 친절하게 설명 해 주셨어요
불만 없슴다
굿굿
항상 친절히 진료하시고,처방전도 꼼꼼하게 
챙겨주시는 푸근한 동네 의사님 이세요
친절하고 좋네요
항상 친절히 진료해주시는 원장님과 직원분들
항상 고맙습니다.
동네 단골 병원~
여기 너무 좋네요 효율적인 병원
의사샘 간호사샘 모두 친절하신 곳
원장님과 간호사분들 친절하고 좋아요
친절하고 진료가 성의 있습니다. 환자가 많아서 예약하고 가시는게 좋습니다~
동네 단골 병원, 의사선생님 다정하고 친절하세요
gsk4가백신 36.000원 저렴해서 좋아요ㅎ 백신 맞기 전 진찰도  꼼꼼히해주시고 궁금한 내용 친절하게 상담해주시네요^^ 주사도 안 아프게 놔주셨어요 
대기는 길었어요ㅎ 시간 여유 갖고 가야할거같아요 감사합니다 🙏 
친절합니다
굿
조아요
친절해요 
친절해요 
친절하고  좋아요
동내에서 많이가는 병원으로 소개받고갔습니다 선생님이꼼꼼히봐주세요!
굿
친절해요
친절하고 설명도 잘해주세요
왕친절합니다 👍🏻👍🏻👍🏻👍🏻
친절
친절해요.
의사쌤이 잘 설명해주세요.
친절해요 
항상 친절하게 진료하시는 원장님과 친절한
간호사님들께 항상 감사드립니다 
발톱 무좀 때문에 방문했는데 정말 친절하시구 빠르게 진료해주셨어요-! 너무 만족합니다! 꾸준히 다닐 예정이에요!
굿
굿
친절합니당
괜찮아요
친절해요
남편이항상다니는곳이에요
다른곳보다가격도저렴해요
진료시 문진도 잘하시고 처방도 신속히
해주시네요
친절해요
친절한 두간호사쌤들 덕으로 항상 편하게 진료받으러 간답니다. 자상한 원장님덕에 건강을 잘 지키고 있답니다. 송구영신하시고 메리크리스마스 입니
다.
이렇게 친절하실수가!
원장님 그리고 간호사분들 모두 친절하시고 너무 좋아요!!
항산 친절하고 따듯하게 진료 하십니다.
원장님이 진단도 정확하게  하시고
친절하네요.일하시는 간호사님도
짱입니다
친절해요
편안한 병원~
대기는 걸리지만 의사쌤이 친절해요
친절합니다
발톱무좀 치료 진짜 만족하게 받고있어요 맘같아서는 평생 받고 싶어요 원장님 직원분들도 너무 친절하세요 최고에요
첨가보는데  그냥그래요
독감 예방주사 맞고 왔습니다.
소아과랑 내과가 같이 있는 것 같은데 원장선생님 친절하시고 설명을 천천히 해주셔서 좋았습니다.
가격도 상대적으로 저렴해요!
좋아요
친절하시고 좋아요
무좀치료 👍
휴일에도 하네요^^
동네의원으로 이용하기 편리합니다.

일요일에 하는 병원이예요.
단 진료시간은오전9시~1시30분 
"
하이맵의원,내과,"굿
전화상담이 매우 친절하시고 환자 입장을 생각해주시는 것 같아서 믿음직스럽습니다. 감사합니다.
너무 비싸요
수면장애 및 이명으로 인해 계속 병원 다니고있는데 진료 잘 봐주세요~ 
좋아요
좋아요
원장님 너무 친절하시고 피부가려움증 때문에 갔는데 많이좋아졌어요!
항상 감사히 다니고 있습니다
직원분들이 친절하게 해주셔요
상담도 상세하게 해주셔서 좋습니다
처음이라 긴장을 했는데 ^^. 친절하셔서^^ 꼼꼼한 검사항목에 한번 더 신뢰가 up up
머리 멍하고 무기력으로 다니는중이네요    다른병원 갔더니  이상없다고만하고 답답했는데  하이맵에서 여러가지 검사하니  성한곳이 없다고  해요  진작와서 치료 할껄 세월만 보냈습니다  tms 좋아요
불면증으로 방문해서 치료한지 한달됬는데..잠들기가 조금은 편해졌습니다.원장님 저세하게 상담 해주셔서 좋아요!
굿
14회차tms치료정도하면효과가 나올거라는데 저같은경우는 디심해지네요,현재까지800만원정도 든거같고 6회남았는데 글쎄요?
불면과 이명때문에 꾸준히 다녀보려구요 - 
여자원장님 좋으세요
친절하셔서 편한하게 진료받아서
매우 만족합니다 
좋아요 
친절해요
기능의학검사 정말 몸은 전체 스캔당하는 느낌이네요. 이렇게 자세할 수가!!!
좋아요 
머리가 멍해서 방문해서 브레인포그인줄 알았어요. 2회치료받고 나았어요. 정말 놀랍습니다.
TMS 20회 완료 후 이명없어졌어요. 추천드립니다.
이명 치료 잘해요, 여기다니고 많이 나아졌어요
친절해요
약먹고 수면은 조금씩 좋아지고 있는듯한데 이명은 아직 더 받아봐야할 것 같아요 ㅠ 
원장님 설명이 친절하세요.
환자가많아서바쁨,간단설명,반말,불친절 
굿
좋아요 

하이맵 다녀오고 나서 딴 병원을 못가겠어요. ㅎㅎ 
대기하면서 병원을 살펴보았는데 다 른병원처럼 직원들 수다떠는 것도 없고, 모두가 환자에게만 집중하고 있어서 좋았습니다.
굿
교대역 에서 가까워요 
약없는 병원찾다가 갔는데 병원제대로 만났어요. 강추요.
직원분들이 친절해요.
병원이 커서 놀랐어요.
이명때문에 병원다니고 있는데 경두개치료 8회차쯤 난청처럼 귀가 이상해졌었는데 9회차에 받고 일어나려는데 일어나기 힘들정도로 어지러워서 너무 
놀랬어요~ 어지러움이 가라앉을때까지 쉬다가 이빈후과 갔더니 메니에르라고 하더라구요. 이비인후과약 먹고 귀가 괜찮아지긴 했는데 경두개치료가 
처음부터 이명에 효과가 없었던건 아닌데 경두개치료받고 이런적은 처음이라 많이 당황스러웠네요.. 하이맵의원 여원장님은 그래도 환자상태에 ...
상담사분이랑 영양사분들 진짜 좋아요. 계속 물어도 친절하게 답해주심.
브레인포그로 갔는데 과대진료없이 필요한것만 이야기해주시네요. 무엇보다
기능의학검진하면서 제 병이 브레인포그만 아니라는거에 놀랐습니다. 고맙습니다.
작년에 기능의학검사하면서 저에게 어떤 병이 생길꺼다.했는데 제가 그때는
무시했는데..진짜.. 생겨서.. 그때 말 들을껄 후회하며 다녀왔어요. 기능의학검사 놀라워요.
자세히 잘 설명해주셔서 좋아요.
환자한테 치료계획서 주는 곳은 처음이예요. 제가 어떤 치료를 받는지 알수 있어서 정말 좋은것 같아요.
ㅠ.비싸요
오랜만에 왔어요 그동안 좀 게을리 했더니 몸이 다시 안좋아져서..교대역으로 오셔서 넘 좋아요. 불면증도 생겨서 고민되었는데 지난번처럼 치료 잘될거
라 봅니다 원장님 짱
아이가 요즈음 멍해서 왔어요. 브레인포그인것 같아서.. 이곳이 전문이라고 해서 방문했는데 2회 이상 치료받고 아이가 많이 좋아졌어요. 예전에 멍~ 한 경우가 많았는데 본인도 많이 좋아졌다고 하네요. 수업시간에 집중하기도 좋고~ 고맙습니다. 다음주에 또 뵐께요.
불면증이 심해서 방문했는데 치료 1회만에 많이 좋아졌어요. 앞으로도 기대됩니다. 강추드려요.
굿
가격대가 있지만 검진 후 필요한영양제를 먹을 수 있어서 건강체크하기에 좋은병원인것같아요-! 
방송에서 뵙고 일부러 찾아서 갔는데 역시 이 병원에 가길 잘한것 같아요. 

대구에서 올라간 차씨 할머니입니다. 멀리있어서 자주 못가고 바쁘셔서 전화도 잘못하지만 감사하다는 인사 드리고 싶어서 자식들이 알려줘서 리뷰남깁니다. 조만간 올라가면 또 한번 뵙겠습니다.
좋아요
공황장애로 교대역근처 찾다가 하이맵왔는데요, 공황장애 이외에도 다른 문제까지 발견되서 정말 다행이라는 생각이 들었습니다. 고맙습니다.
이명치료 잘한다는 소리듣고 진천에서 왔어요. 큰맘먹고 왔는데 역시 잘한것 같아요.
열심히 치료받아서 건강해지려구요..!!
굿
이명 전문병원이 있는걸 알았으면 진작에 방문해 볼걸 그랬네요 스트레스만 받으면 귀에서 원인모를 소리때문에 .. 고통이었어요 동네 병원가도 뚜렷한 
치료방안도 없고 답답할 따름이었는데  여긴 다르네요. 검사부터 제대로 입니다 꼼꼼하고 친절한진료 굿굿
원장님과 이야기 나누면서 참 많은걸 알게 되었어요. 무작정 다이어트했는데 어떻게 해야 할지 알겠더라고요. 제가 살이 안빠진 이유가 있었어요. 알려주셔서 고맙습니다.
좋아요-!
비싸요.
하지만 완쾌된다면 비싸지 않겠죠?
이래저래 돈들일이 참 많네요 ㅠ 
몸이건강해지길 .. 기도해봅니다
이명 방치하다가 난청에 어지럼증까지 난리였는데 여긴 정말 찐이네요 ! 원장님 실력도 그렇고 설명도 친절하게 잘해주시고~~ 벌써 싹나은 기분입니다ㅎㅎ 다음에도 또 여기로 방문하게 될것같네요 
영양제를 나에게 맞게 해줘서 그런지 몸이 한결 가벼워졌어요. 아무거나 먹는다고 좋은게 아니었어요.

굿
굿
금액은 비싸요.
하지만 완쾌되길 바라는 마음으로 다니고 있어요.
완쾌가 된다면 비싼금액은 아닐 듯!
검사받고 안좋은부분 파악 후 거기에맞는 치료가 들어가요~ 수액 및 영양제로 치료한 후에 재검사해서 어디가 좋아졌는지 본다고 하더라구요 ~ 

동네 병원 아무리 다녀도 이명증상이 호전되지 않아서 고생했습니다 지인추천으로 방문했는데 이명 전문병원이라 그런지 증상을 확실하게 알려주셨고 생각보다 금방 증상이 사라져서 놀랐습니다 여기저기 다니며 고생한거 생각하니 억울하네요ㅜ 다들 이명증세 나타나면 무조건 하이맵 가서치료 받으세요 요즘은 진짜 이명증세 없어서 살것같네요ㅎ 하이맵알게되서 다행이고 덕분에 비용도 아끼고 건강도 챙길수 있게 되었네요 감사합니다🙇
통증이 너무 심해서 갔더니 몸안에 염증이 있었다니. 염증치료하고나서 이렇게 괜찮아졌는데 왜 그리 끙끙 거렸는지. 원장님과 직원분들께 고생하셨다는 말씀드립니다.
원장님 친절하고 설명자세히 잘해주세요.
굿
굿
굿
경두개치료 다른곳에서도 받아봤는데 여기는 증상에 맞게 다양한위치로 해주세요 ~
굿
가격이 비싸서 부담스럽지만.. 그만큼 효과가있었으면 하는 마음으로 다니고 있습니다..!! 
굿
좋아요
이명때문에 검사받고 이제 치료받을 예정인데 이명이 부디 괜찮아졌으면 좋겠네요 ㅠㅠ 차후 후기가 좋은글이길 바래봅니다
굿
.
좋아요
굿
기능의학을 잘 안내 해 주고 있어요
굿
꾸준히 다니고 있는데 진료 꼼꼼히 잘봐주시고 증상이 많이 호전돼서 만족하고 있습니다 직원분들도 친절하셔요~
갑작스런 이명으로 방문했는데 간단 처방으로 완전 멀쩡해졌네요 신기해요~^^ 원장님이 꼼꼼하게 잘 봐주셔서 좋아요~ 앞으로 이명증상생기면 하이맵으로 달려가야겠어요👍🏻
굿
좋아요
굿
굿
저는 별 효과가 없네요... 넘 소문과, 기대가 컸을까요.. 벌써 수액,TMS 20번이 넘어가는데 검사비 150, 10번씩 패키지로 210, 3번째 패키지... 영양제 구
입도 어마어마 이명이 낫기만하면, 괜찮다 했지만 5월인 지금까지도 이렇다 호전이 없습니다. 불면증도 그대로... 어떻게해야 할지, 다른 병원을 알아봐
야 할지 고민 입니다.
굿
굿
굿
이명으로는 원탑이라고 생각합니다 과잉진료 전혀없고 갈때마다 진료 잘봐주셔서 이곳만 다닙니다. 직원분들도 모두 친절하시고 심했던 이명도 정말 많이 좋아졌어요 대만족입니다!
굿
굿
굿
이명때문에 tms와 수액지료 받고있어요
영양제 상담사의 전문성이 빛나는 병원입니다. 푸드알러지 검사를 하는 병원입니다. 영양제 상담사분이 구입하신 영양제가 떨어져 가니 구입할 시기가 
다가왔다고 하셨습니다. 영양제 성분에 글루텐이 들어가냐 물어보니 성분표 보면 된다고 하셨습니다. 그러나 캡슐 성분은 나와있지 않아서 캡슐은 글루
텐 프리가 맞냐고 물어보니. 캡슐은 공장에서 만든 제품이고 자기는 알지 못한다. 원장님께 물어보세요. 라는 전문적인 답변을 받았습니다. 푸드...
좋아요
굿
공항장애로 잠을 못자고 최근에 이명까지 심해져 지인추천으로 방문했어요 정말 많이 좋아졌고 잘봐주셔서 꾸준히 다니고 있습니다
갑자기 귀에서 삐소리가 나서 방문했어요
친절하게 상담해주시고 치료도 잘 해주셔서 좋았습니다! 
이명 치료 잘해주세요 주변에서 불치병이라 해서 걱정이 많았는데 치료받고 호전된게 느껴져서 너무 만족합니다 
자꾸 영양제를 사라고
굿
굿
친절해요 
굿"
역삼성모내과의원,내과,"친절하게 잘 설명해줘요
조아요 
친절
좋아요 
좋아요 
ㅇ
친절해요
친절해요 
불친절합니다 다시 안가고 싶네요
항상친절해요"
장내과의원,내과,"사람이없어좋아요.
쌤 친절해요 
친절해요
굿
친절하고 빠르게 잘 봐주세요
편리해요 
좋아요 
친절해요
진료 잘봐주심 근방에서 드물게 과잉진료 없는 내과요
굿
굿

좋아요
친절해요
친절합니다.
친절합니다^-^
친절해요

꼼꼼하게 진료 잘 봐주세요
좋아요 
깨끗한 시설 꼼꼼한 진료 오늘도 감사합니다. 눈속임 하는 병원도 많은데, 이 동네에 이런 곳의 병원이 있는건 정말 다행이에요. 저만 알았으면 좋겠는 곳. 번성하세요 :)
친절하세요
친절합니다 
친절합니다
굿
좋아요
다들 친절하시고 점심시간 끝나고 바로가면 빠르게 진료받을 수 있어서 좋아요!
굿
좋아요
진료 잘 봐주세요
좋아요
친절하네요
친절해요
오래전부터 아플때마다 가는 곳인데, 원장선생님 친절하시고 많은 질문에도 친절히 대답해 주십니다. 특히 장염때문에 가면 금방 잘 낫게 치료해주셔서 감사합니다. 항상 신뢰하는 곳입니다.
친절하시고 좋아요 
.
내과 진료 잘 해주셔요
좋아요
굿
회사 근처라 편해요
친절해요
친절하세요
친절해요
잘하시는거같아요
조아요
친절하세요
파상풍주사 3만원 좀넘게 맞았어용
굿
굿
.
친절해요
굿
굿
굿
굿👍
감사합니다 
친절하십니다
친절해요
친절합니다
맛있어요 
굿
굿
좋아요
ㅇㅇ
친절해요
굿
굿
선생님이 친절하세요
친절한 내과
친절합니다
좋아요
😀
친절
친절해요
정말 원장님 연륜이 느껴지고 잘 봐주시는거 같아요
좋아요
여원장님 배테랑 간호사 오래된 병원느낌
원장님이 친절하시구여  제 말에 귀기울여 주세요~  코로나백신 접종 후 소화불량 후유증으로 갔는데요 처방해주신 약도 잘 들어요~  이른 시간에 갔는
데 눈치 안 주고 잘해주셨어요
친절해요
좋아요
친절해요
좋아요
Good!
괜찮아요
친절
좋아요
친절해요
친절해요
good
저번주에 소화가 안되서 갔는데,위염이 아니고 맹장염이라고 바로진단해주셔서 덕분에 맹장터지기전에 수술 잘 했던 환자입니다. 집근처라 리뷰 읽어보고 여기가 과잉진료 없고 잘하신다길래 왔던건데 정말 그날 위염진단 안하시고 맹장염 진단 잘해주셔서 감사합니다. 너무 친절하시고 과잉진료 없고 좋은 병원같아요. 간호사분들도 다 친절하신듯!! 아플때마다 여기만 가려구요 🥰
좋아요..
친절하시구 좋아요
친절합니다
여자 의사 선생님이세욥! 짱짱 친절하세요!
몬가 옛날 느낌의 건물인데도 깨끗합니다!
그리고 다른 분이 쓰셨듯이 약값이 비싸지 않아요!
엄청 친절하십니당
의사선생님도 간호사분들도 😊
열두시에도 진료하셔서 직장인에게 좋아요
동네 내과예요. 여자의사쌤이시고 약처방이 비싼약 처방이 아니라 좋아요(갠적 생각)
요즘 약처방 제약회사 로비로 비싼약 처방이 대부분인거 같다는 생각이 있어서...
의사선생님 엄청 친절하시고 좋아요
과잉진료가 없어요
친절해요"
의료법인열린의료재단서초열린의원,내과,"친절해요
요새 병원에서 느낄 수 없는 엄청나게 자세하고 친절하고 긴 진료. 진정한 의료인이십니다. 감사합니다.
친절하고 꼼꼼하게 잘 진료봐주십니다
원장님과 간호사 분들 아주 친절하고 진료 잘 해주십니다.
굿
원장님 젊은 편이시고 과잉진료 없이 친절하십니다. 접수하시는 분도 너무 친절하세요.
굿
친절합니다
좋아요 
좋아요 "
강남삼성내과의원,내과,"정말 큰일 치룰뻔 했습니다. 원장님의 빠른 진단과 진료로 대장 내시경 예약후 시술 받았는데 큰 용종을 6개나 제거 해야 했습니다. 미루고 미루다가 큰병 치료할수 있었던걸 미리 치료 받을수 있어서 너무 감사 합니다.
한번 해보니까 별거 아닌 내시경 이제 부터라도 꾸준히 관리 해야 겠습니다.
속이 불편해서 진료보러다녀왔는데 수액효과 좋음👍👍👍
수액 한번에 찔러주셔서 감사합니다🤭
일반검진하면서 위도 검진차 내시경했는데 하나도 안아프게 잘해주셨어요 원장님이랑 직원분들 다 친절하세요! 
여기 건강검진 위.대장 내시경 너무 스무스하게 잘 하는것 같아요..그 동안 내시경 할때 엄청 고생했는데 하는지도 모르게 편하게 받고 기분좋게 나왔엉ᆢ..
생전 처음하는 내시경... 너무 긴장하고 방문 했는데 다행히 새로 오신 원장님 께서 어떤 마법을 부리셨는지 언제 시작 했는지... 끝났는지 모를 정도로 너무 편하게 받았습니다. 내시경 받고 나니까 속이 후련 하네요.ㅎㅎ
과잉진료 정말 심해요
굿
굿
결핵치료및 지정병원이 아니라서 여기는 효용이 없습니다.  처음에 진료시 안내를 제대로 받질못해서 진료비,검사비,약제비 발생후  추후 보건소에 문의
하니 결핵은 치료및 진료비 무료이며  결핵제로에서 지정병원 알아보고 가세요라고 하네요 이 병원은 그러한 사항에 대해서는 전혀 모르는듯합니다 참
고하세요 
담당 의사의 휴진이 잦음.
간호사가 환자 왔다고 가서 알려주지 않으면 환자를 부르지 않음.
진료시 X-ray, 혈액검사 자주 함.
오랫만에 감기 몸살로 방문 했습니다. 기존 원장님 말고 새로오신 원장님 한테 처음 진료 봤는데 친절한 설명에 기분좋게 진료 보고 갑니다. 항상 감사 드립니다. 그리고 회사 근처에 내과가 있어서 너무 좋습니다.
친절해요
친절하심돠. 빠른진료 조아요
.
카운터가 문제가 아니었네... 진료를 괜히 받았다싶습니다... 그렇게 성의없이 대답해주실거였으면 네이버 지식인 답변을 차라리 참고 할껄 그랬네요... 저와 같은 경험자는 더이상 없기를🙏🏻
가깝고 규모도 크고 좋아요
의사는 이유도 똑바로 설명도 못하고 그런 진료는 나도 보겠다.... 앞에 카운터 2명은 불친절. 접수하라고 할 때 차트를 손으로 까딱까딱하던데 기본 교육부터 다시받고 그 자리에 있어라...
깔끔해요
친절해요 
조
친절하고 깔끔해요
친절해요
굿
굿
그럭저럭 데스크쌤이 그냥저냥 ..리뷰쭉보니까 데스크 관련해서 문제많은데 여전히 개선이 되질않아보이네요
대기 10분 진료는 30초
오늘 속이 아파서 갔는데 진료보는데 주사맞고 가라해서 대답하고 나왔는데 간호사분이 오늘 수액처방있다고 비용이랑 주사약 어떤게 들어가는지 설명
해주시면서  비급여라고 들었습니다.진료실에서는 의사 선생님이 주사라해서 엉덩이 주사인줄 그럼 애초에 수액이라고 말씀을 해주셔야되는거 아닌가
요? 앞에 간호사분이 말안해줬으면 기분 나쁠뻔했어요 실손보험 서류 챙겨주셔서 맞긴했는데 아무리 생각해도 그건 진료실에서 말해줘야하는거 ...
치료 잘 받고 갑니다. 감사합니다~
감기증상이 너무오래가기도하고 요즘 잠을 많이 못자서피로수액,감기수액주사 찾아 보고 방문하게 되었는데보통 수액맞으러가면 2번이상은 혈관찌르는데 여기 간호사분들은 한번에 놔주셔서 좋았습니다
직원분들도 너무 친절하고 1인실 수액실있어서 편했습니다 컨디션 안 좋을때 주기적으로 와서 맞고 쉬다가야겠어요 
오늘 감기기운있어서 방문했는데  신속항원검사랑 PCR도 같이했어요ㅠㅠ 앞에서 비용설명을 잘 해주셔서 안심하고 검사했어요ㅋㅋ다행히 음성이여서 약처방만 받고 돌아왔어요 여기 비타민수액도 있던데 다음에는 수액을 맞으러 방문할게요^^
진짜 대박이네요 ㅡㅡ 위경련땜에 아파서 급하게 근처로 6시반도안되서 내원했는데  원장님과 방사선 선생님은 괜찮았는데 데스크간호선생님은 진짜 
너무한거같네요 이런리뷰잘안남기는데 저도 병원에서 일해서 마감시간 되면 빨리가고싶죠 누구나  이해합니다 근데 원장님딱퇴근하시자마자 링겔맞
는데 속도 미친듯이빠르고 10분채안되서 뺐어요 링겔조금남았는데 자기들 퇴근이라고 옷도 다갈아입고와서 링겔 빼주는데 와..대박이다 했습니...
어지럽고 열 나는거 같다고 했는데 열 안 재는 곳은 처음이네요 ㅋㅋ 증상만 물어보고 검진 자체를 걍 안해요^^
쏘쏘
 추천받아 갔는데 이유를 알겠어요
간호사들이 좀 맘에 안듭니다 
연일 이틀을 갔는데 얼굴도 안보고 뭣때문에 오셨죠?“를 자꾸 물어봅니다. 전날 검사한거 결과 들으러 온건데 모니터에 아예 안뜨나봅니다. 
친절하지도 않습니다ㅠ 이병원은 간호사님들때문에 발길이 끊기지ㅜ않을까 걱정됩니다. 
굿
의사선생님 간호사선생님 다 너무 친절하고 편하게 해주셔서 좋아요 
진료보다는 비과세 돈되는것만 추구하는 느낌
강남바닥에서 하려면 어쩔수 없겠지만 환자가 아니라 고객으로 보는 느낌이 강함
주사실에 있는 간호사분 역대급 불친절합니다 의사샘 카운터 계신 샘들 다 친절하신데 링겔맞으면서 다신 못오겠다 생각 드네요 주사도 겁나 못맞춰요 너무너무 아픈 링거. 속도도 너무 빨리 넣어서 너무 힘들었네요
굿
굿
갑상선. 담낭초음파 보고왔어요
전 3개월에 한번씩 비타민D주사도 맞고 있어요
예약은 받지 않으니 전화문의 하시고 가시면 될듯합니다. 
친절해요
여기만 다녀오
감기몸살 증세로 방문했는데, 간호사분들부터 너무하시네요.  어느 병원이 환자가 몸살감기 증세로 방문했는데 프론트에서 열도 안재주고 코부터 쑤시
나요;; 1. 코로나+독감이 같이 돌고 있다면서 처음엔 신속항원이 아니라, PCR이랑 독감검사를 같이 해보자고 함, 근데 비용은 2만5천원 2. 코로나는 신
속항원으로 먼저 검사해서 아니면 좋은거고, 독감은 걸리면 약 처방 받으면 되는데 굳이 왜 코 두번 유료로 쑤셔서 비싼 검사를 해야되냐고 질문...
친절하세요
저 혈관 진짜 없는데 피검사 한번에 해주셔서 감사합니다^_^
편하게 진료받고 치료할수있어 좋았습니다
친절합니다
친절해요 
목이칼칼하거 머리가 띵~~해서 근처 내과갔다왔어요~^^일단 신속항원을 해도 의심쩍은 증상이 있다고 원장님께서 PCR검사까지 진행해주셨구요~긴장됐는데 간호사분들이 아주친절하게 잘응대해주셔서 기분 좋았습니다(단 다음엔 원장님께서 진료봐주실때 목상태등을 봐주셨음 좋겠어요~)전반적으로 만족!!강추하는 병원입니다~^^
친절해요 
의사선생님은 정말 친절하시지만 카운터 선생님들은 조금 그랬어요. ㅇㅇ환자 라던지 ㅇㅇ님 혹은 ㅇㅇ씨 이런거 없이 본인들끼리 이야기 할때 이름 석자만 말하던데 저한테도 다 들려서 기분나빴고 점심시간 얼마안남았다고 수액을 빨리 놔주겠다며 수시로들락거리면서 속도 조절하는데 저한테는 나름 큰돈주고 수액맞는데 눈치가 보이더라고요. 의사선생님은 왕 친절하십니다!
병원에 이것저것 많다 
추천합니다
수납해주는 사람들 왜이렇게 불친절 한걸까요? 간호사도 아니고 수납 데스크에 있는 세 분;; 매번 올때마다 일하기싫은 표정에 미간 딱 찌푸리고 귀찮다는 듯이 응대.. 올때마다 기분나빠요 같이간 일행들 다 기분나쁘다고 왜저러는거냐는데. 문제 있는데 작년이랑 똑같이 그대로인것 같아 안타깝네요 리뷰 쓸라고 난생처음 영수증인증을 해보네요
독감인지 감기가 잘 낫지 않고 계속 아파서 내원했습니다
수액 맞는데 간호사선생님이 너무 대충대충이고 불친절해서 힘들었어요 팔에 바늘도 꽂았다 뺐다 꽂았다 하고요
수액은 효과 있었지만 아플때 마음놓고 갈 수 없을것같아요
굿
친절
굿
👍🏻
병원
친절해요
친절하고 넘 좋아요
그냥 그래요
굿 친절하시네요
신속항원검사 했는데 이동네에서 제일 저렴한 것 같네요ㅎㅎ 결과도 빨리 나와요
장염때문에 갔는데 약 처방은 안해주시고 수액만 맞고 8만원 내고 왔네요. 돌아와서도 계속 증상이 호전되지 않아 다시 가서 약 처방 받았고요. 실비도 병명과 무관한 영양제 투여라 해서 보상도 못받았구요. 증상이 전혀 호전되지도 않았는데 왜 수액을 맞은건지...저는 다시는 별로 방문하고싶지 않네요.
PCR검사비용 이동네에서 저렴하네요!!!검사는 좀 불편했지만 직원들이 친철해서 만족했습니다.

선생님 정직하신
원장님 정직하셔요
정직한 선생님
굳
친절
굿
의사 선생님 진료 잘봐주시고 넘 친절하시고 다른 카운터분들은 다 너무 친절하신데 카운터에 유독 불친절하고 설명도 제대로 안해주고 시비조인 분이 딱 한명 있었어요ㅠ 그분땜에 다시 가고싶진 않네요..그분 빼고는 넘 좋습니다
좋아요! 타 병원에서 검진 했을 때 콜레스테롤 수치가 높아서 내원 하고 약처방 받았네요 !
굿
친절하세요
의사샘 친절.. 수액맞고 살아남
친절해요
기존에 다니던 병원에서 혈압 관련 상담을 받았으나 그냥 간단히 혈압약만 처방 받았는데 혹시나 하는 마음에 병원을 옮겼더니 설명도 친절 하시고 제 
증상에 꼭 맞는 약을 처방해 주신것 같은 느낌 입니다. 고지혈증 관련 혈액검사 말씀 해주셔서 혈액 검사 받으러 재방문 했네요... 일단 혈압은 잘 잡히는
것 같아서 기분 좋습니다. 감사 합니다
원장님 친절하세요!! 👏
배아플때마다 가서 수액맞는데 효과 좋아요^^
대기인원없어서 좋아요
병원
친절하세요 
친절하고 좋았습니다~
친절하시고 깔끔합니다
의사쌤 자세하게 설명해주십니다 아빠같은 느낌 ㅋ
좋아요
👍
친절하고 좋았습니다~
원장님 직원분들너무 친절하셔서 편안한게 진료받고갑니다!!
신논현역 위치 좋아요
깔끔해요.
수액실이 잘 되어있어요 !!
갈때마다 친절해서 기분 좋아요
속이 안좋아서 간건데 수액 놔준다더니 비타민주사 놔줘서 효과는 못보고 돈만 많이나옴 결국 실비 청구안됨
친절해요
백신맞으러 갔던 곳이에요
직원분들 원장님도 친절하시네요^^
의사선생님 친절하시고 직원분들도 친절하세요
코로나 부작용때문에 걱정되서 접종후 진료 받았는데 우선 주사실 뷰랑 상태가 좋습니다,,, 없던 병도 나을 기분이에요 쇼파도 폭 들어감에 아늑하고 아주 좋습니다
의사 선생님 너무 너무 친절하시고, 걱정하던 것도 설명 잘 해주셔서 안심됐어요! 앞으로 강남 내과는 여기로 갈래요~~! 주변에도 추천하고 싶어요
위치가 좋아요
주사맞는 시설이 개인룸으로 되어있어 너무 좋아요. 근데 다른곳에 비해 많이 비싸요
귀가 잘 안 들리시는 엄마 모시고 갔는데, 접수하시는 직원과 간호사님들 친절했다
친절하고 좋아요
자세한 설명 감사합니다
병원은 친절해요
다들 친절하고 적절한 조취를 취해주셔서, 제가 살아있다고 생각합니다. 진짜 거듭 감사합니다"
김호연내과의원,내과,"친절하고 깨끗해요.
좋아요 
세심하게 진료 잘해주십니다.
친절해요
조아요
굿

굿
대학병원 출신 의사가 있어요 의사랑 안내데스크 사람 둘다 친절했다가 불친절했다가 그때그때달라요
90일후 뵐께요
통풍주치의사 김원장닝
굿
친절한 직원분들 ^^
쪼아여
굿
좋아요 


좋아요 
굿
친절
굿
굳
친절해요

.
^^* 착한병원
조아요
진료 세심하게 잘 봐주십니다.
친절해요
👍 
굿
.
통풍전담 김워장님
""약드시고 윤택한 삶을..""
늘 감솨
친절하세여

친절하세요
굳
굿
굿
굳

친절해요
세심하게 잘 진료해줍니다.
친절하요
굿
굿
친절하심. 매장이넑어요
조아용
굿
.
굿
굿
친절해요
전문 치료
굿
친절한 상담
친절해요
친절합니다
.
7년차 삶의 질을 높여준 김원장님 김호연내과ㆍ류마티스 ^통풍박사
친절
세심하게  잘 봐주십니다.
친절해요
좋아요
친절해요
친절하세요.
친절해요
.
좋아요
굿
자세하게 설명을 잘해주세요
친절 해요
친절해요
친절해요
굿
세심하게 잘 치료해주세요
세심하게 진료 잘봐주십니다.
친절하신데 진단이 정확하지 않아요
오래 기다림이 좀 ~
.
예약했는데도 1시간 이상 기다렸어요. 
좋아요
친절하네요.
좋아용
의사 쌤도 간호사 쌤도 친절하세요
굿
친절하게 진료 잘 봐주시고 병원도 깨끗해요
항상 손님이 많아요
진료 잘받았습니다
👍
좋아요
선생님이 친절합니다
예약제는 좋으나
사람많은 날 은 ㅜㅜ;;
굿
친절해요. 진료도잘봐주세요
의사선생님 친절하세요
굿
손님이 많아서 대기가 넘 길어요 ㅜㅜ
굿
류마티스관절염 전문의가 상주한 내과
굿
좋아요
👍
굿
굿
좋아요
친절하세요
친절하게 진료를 잘해주셔요
굿
굿
친절해요
좋아요
Good
친절하세요
좋아요
나아졌으면 좋겠네요
좋아요"
의료법인 성광의료재단 스포렉스의원,내과,"ㅌ
굿"
서울배내과의원,내과,"직원들 의사쌤 모두 친절 하셨고 신속하게 대처해 주셔서 좋았어요.
친절해요 ~~
친.
친절해요
good
좋아요!
친절해서 좋습니다. 진료도 세심합니다.
진료를 친절하게 봐주세요 역삼역 바로 근처라 편했어요
.
보건증받슬수잇는곳 3만원
친절하고 자세한 진료결과 설명
접수 빠르고 의사 분도 자세히 설명해주시는 편입니다. 다만 검사실 나이 드신 분은 아주 별로였습니다. 혈액 검사를 위해 피를 뽑는데 불친절하게 대충 대충 하시길래 내가 검사 받으러 온 게 잘못한 일인가 싶었습니다. 정작 소변 검사를 빼먹어서 다시 오라고 전화하시더군요. 불친절하고 일도 잘 못하시는...
진료
회사가 근처라 자주 오는데 항상 진료 잘 받고 가요 
좋아요
빠르고 친절하세요! 특히 혈액검사 해주시는 간호사 선생님 정말 스윗하세요. 덕분에 빠르게 검진 받고 결과서까지 당일 발급으로 받았습니다. 감사합니다!

좋아요

잘받았습니다
친절합니다 
채혈하시는 분이 능숙하셔서 멍도 하나도 안들고 아프지도 않았어요. 사람 몰리는 점심시간대라 굉장히 바쁘신데도 응대가 다들 따뜻하셔서 놀랐습니다😀 
좋아요
#각종 건강검진 #토요일도 가능 #당일발급가능
좋아요 
쾌적해요
좋아요
굿
친절
4층인가 여자 의사쌤 넘 친절해요

친절해요
좋아요
좋아요
직원들은 전반적으로 냉냉한데
거기 계시는 여자 내과 선생님 되게 친절하고 잘 설명해주시네요
좋아요
직원분 뭐라말하는지 하나도 모르겠어요
친절해요ㅎㅎ
신속하게 결과나와서 좋아요~~~~
원장님은 아니신거 같구 다른 내과 의사분께  진료 받았는데 의사분이 너무 친절하시고  처음이라 이것저것 질문이 많았는데 다 세세하게 설명해주셨어
요 그래서 만족하구요 다만.... 접수쪽에 계신 선생님들 다 친절하시고 괜찮으셨는데 혈압수치 재는 곳에 계신 나이 좀 많아보이는 간호선생님이...참... 
귀찮아보이시고 화내듯이 말하는 말투도 좀 그렇고 여러 환자 분들 부르실 때도 들리지도 않을 정도로 작게 대충 부르시더라구요  다른 분들은 다...
.
아침 일찍 빠른 진료 보았어요! 감사합니다!
좋아요

.
유학검진에 정말 최적화된 곳! 접종해주시는 분 정말정말 친절하십니다💛 그치만 예약시간에 방문해도 대기는 30분 넘게 할 수 있는 점 알아두시길
의사선생님 빼고 모두 불친절합니다.
선생님! 이글을 보고 계신다면 서비스 교육 꼬옥 하셔야 할 것 같아요~~다 좋았는데 너무 아쉽네요ㅠ
좋아요
사람이 늘 많아요
공무원채용신체검사 하루만에 발급가능해서 좋네요
채용신채검사 당일발급 ㄹㅇ 개빠름 선생님들도 체계적으로 빠른검진을도와줌 잘받았습니다
친절하게상담하네요
진료를 잘봐주셔요
증명서 떼러 갔는데 가격도 저렴하고 의사선생님께서도 친절하셨습니다.
하루만에 공기업채용 검사서가 나와서 너무 좋아요
사람이 많아요

친절하고 좋았어요
.
굿
굿
친절해요 사람많아서 대기가 좀 있어요
좋아요
ㅇ
친절하고 결과도 빨리 나오고 좋습니다.
다양한 검진 프로그램이 있어 좋아요
굿
빨리 빨리 굿
친절하세요 ㅎㅎ
그리고 접수 수납이 다 키오스크입니다 ㅎ

여자 선생님 너무 친절하시고 자세하게 설명해주셔서 좋았어요! 다만 진료실 안내 등은 상당히 미흡해요
친절하세요
전날 진행한 유학생검진에서 간수치가 높게 나와 재방문 후 간초음파 진행했습니다~ 경미한 지방간 ㅠㅠ 건강관리 열심히 해야겠어여..
넓어요
중국 유학생 검진은 여기서 받으세요~! 거리가 좀 멀지만 다른 병원에 비해 저럄하고, 필요한 서류 꼼꼼히 잘 챙겨주십니다! 서류도 검진 다음날 바로 나와요!
원장님 친절하시구 좋아요 ㅋㅋ 요즘 키오스크로 수납도 하네요 신기하네요
좋아요 
친절해요~
굿
원장님과 카운터 모두 친절하셔서 좋았습니다~
조아요
늘 존경하는 배현미 원장님 덕분에 건강하게 삶을 영위하는 1명이에여  감사합니다 
굿
굿
친절해요 좋아요
키오스크 수납하는거 신기해요. 말로만 상담하고 진료 끝이라 살짝 아쉬웠어요
코로나 확진으로 대면진료 받으러 감(코로나19는 2022.04.25 부로 1급->2급 감염병으로 조정 되어 대면진료가 가능해짐). 코로나19 지정의료기관임에
도, 확진 환자라고 하니 접수하고 복도에서 대기하고 전화로 상담한다고 함(KF-94 마스크 착용 상태).   - 복도 대기상태에서 의사선생님께 진료전화 옴. 
- 비대면진료와 차이가 무엇인지 문의함. - 대면진료로 전환 토요일이고 코로나 PCR테스트 환자도 많아 보였음. 그렇다고 간호사가 불친절하고 ...
굿굿
굿굿
유학생 신체검사 받았어요. 점심시간 피해서 갔더니 기다리지않고 바로바로 검사 받았습니다. 친절하게 안내해주셨어요. 
감기땜시 편하게 수핵 맞았네요
점심시간 직전에 갔는데 결핵검사를 해주셔서 
감사합니다
채용검진 당일 발급 최고👍🏻
친절하고 빠르게 잘봐주십니다
검사결과도  빨리  나오고  친절하시고  좋아요!
채용검사서 당일 발급되어 좋아요
👍
결핵검사하러 갔는데  너무 친절하셨어요
그저그래요
체혈실에 직원분이 아이들 아프지 않게 어찌나 체혈을 잘 해주시는지 참 친절하시네요 ~~
세상 친절하시고 너무너무 꼼꼼하게 진료잘봐주셔서 아픈상태에 감동받았습니다 감사합니다
대표원장님이 잘 봐주세요.
근데 원장님이 다른 날도 있네요?
저는 엑소좀 받았는데 원장님 친절하시고 피부과보다 더 촘촘하게 주사해 주셨어요. 나중에 초음파 할일이 생기면 내과 진료도 여기서 받아볼 예정이에요. 간호파트 선생님도 항상 친절하시고 기분좋게 다녀왔습니다. 
재발급 빠르네요
속쓰려서 왔어요 오늘도 진료 잘 받았습니다.
해 외 제출할 검진이 필요했는데 워낙 원장님이  전문적으로 잘 아셔서 알아서 빨리 해 주셨어요. 
..
.
굿
접수 결제 키오스크라 친절합니다~ 주사 맞고 감기 나았네요
사람이 너무 많고
장소는 좁아요
좋아요
원장님이 친절하고  무엇보다 약 먹고 호전되서  👍
주차장도 넓고 병원이 깔끔합니다
좀 기다리긴 했는데 사람들이 많이 오는 이유가 있네요 
유학생 건강검진 받았어요 원장님 친절하시고 경험이많아 서류작업들도 편해요
빠르게 검사를 받을 수 있습니다 다만 조심 정신이 없어서 친절성만 조금 있었으면 좋겠습니다"
선한목자병원 건강검진센터,내과,의사선생님도 간호사분도 모두 친절하세요
연세정&김내과의원,내과,"저 같은 분이 없길 바라며... 2주전 진료 후(약을 처방 받아)  오늘 재진료 약속을 했습니다. 혹 예약이 되는지 전화했는데, 예약은 안된다 오케이.. 그런데 
""8시간 금식 후 방문하셔야 한다"" 갑자기? 그럼 이건 예정에 없던 사항인가요? 아니요... 그런데 니가 전화해서 알려 드리는거다.. 헉~~~ 엄청 고마워서, 
눈물이 나네요. 죄송하다는 말도 없이 혹 재 방문(진료)이 예정되어 있다면 사전에 알아야 할 내용을 미리 물어 보세요. 다른 병원은 넘 당연하지...
잘봐주십니다
아플때마다 가는곳인데 수액주사 맞으면 직빵이에요 여기가 다른병원보다 몸살수액주사도 저렴하고 좋아요
친절해요 
집이랑 젤가까운곳
좋아요
굿
쌤들 너무 친절하세요!
친절하세요 
데스크 간호사님들 진짜 친절하세요👍🏻
최악의 병원. 일단 데스크 직원 둘 다 불친절하고,  내원 안내시 이 병원에서 진료/처방 불가능한 건  판단할 수 있는데 수십분 기다리게 만들고 진찰을 보
게 만들어 의사로부터 이 병원에서는 이 진료를 안본다  라는 답변을 받고 의사를 봤으니 진료비를 내라는 말을 들음. 
좋아요!
친절하시고 진료도 잘해주세요
ㅠㅠ일하다 아파서 근처병원검색해서왔는데 다른건 둘째치고 수납데스크에서 근무하시는 간호사분이 정말정말 친절하세요
처방해주신약 다먹어서 한번더 처방받으려고 재방문했는데 기억해주시고 친절하게 설명도 해주셨어요
아파서 기운빠지던 하루였는데 친절한 말한마디덕분에 금방나을꺼같아요 감사합니다:)
기다리는 시간이 너무 길어요~
친절해요
오늘 수면 위내시경 처음을 받아밧는데 긴장도많이해서 간호사분들께 걱정되서 이런저런거 질문도 많이햇는데 잘받아주시고 사담이야기하시면서 긴
장도많이 풀린덕에 푹잘잣어오...마취안먹을까바 걱정되고 입에뭐넣고 몸도누르고 그러길래 더무서웟는 진짜마취넣으니까 1시간을 잣다고하셧어요.....
😅😅😅 긴장되게안해주시고 의사분도 너무 친절하셔서 다음에 병원갈일잇으면 여기로가려구요 감사합니다😍😍
뭐만먹어도 울렁거리고 매스껍고  밥을안먹으면 또 힘이하나도안들어가서 방문햇는데 안내데스크분들 너무한명한명 다 진심으로 대해주시고 의사분
도 집중해서 이야기도 잘들어주시고 같이 고민해주시고 궁금한것도 다 잘이야기해주셔서 처음간병원이엿는데 너무 좋앗어요 사람들이 많이가는곳에
는 이유가 다잇는가바요 완전추천합니당👍👍👍👍
.
친절해요
데스크 간호사 분들이 친절하다  평일 점심에 가면 20분 정도 대기가 있다 엑스레이랑 심전도 찍었는데 만원 정도 나왔다 양재에서 이 가격이면 매우 싼 
편인거 같다 다음에도 또 갈 것이다
친절해요
굿
친절해요
굿
굿
친절해요
친절하신데... 좀 어수선해요
항상 가는 곳
감기로 갔는데 원장 선생님이 세심히 봐주시고 설명도 간결, 명확히 해주셔서 좋았습니다. 그리고 간호사 선생님들이 너무나도 친절하세요! 주사도 아프지 않게 놔주시고 대기하는 동안 보니까 다소 까다로운 환자분에게도 미소로 응대하시는데, 환자분들을 진심으로 따뜻하게 대하시는 그 마음이 느껴져서 정말 감사했습니다. 선생님들께서도 건강하시길 바랍니다!
긋
친절하십니다.
진료를 잘 해줘요
감기로 고생했는데 링거맞고 몸이 훨씬 좋아졌어요~
깨끗하고 친절해요~
초진이었는데 친절하고 편했어요.
정말 .. 친절하세요 데스크 직원분들 넘 친절하셔서 초진인데 ㅠㅠ 익숙하고 편안한 느낌이 들었어요 
친절하고 상담도잘해주시고 치료도 잘해 주셨어요
사람이 늘 많아요~ 친절하세요
비싸오 
감기
굿
굿
좋어요
좋아요
좋어요
대기 길어요 ㅠㅠ 그래도 확실하게 진료 봐주시는듯
친절하시고, 잘 설명해주세요
친절하게진찰잘해주세요
친절하신 원장님
과잉진료없고 친절해요
일반채용검진 30000원으로 빠르게 진행해주십니다. 일반진료도 자주 보러가는데 의사쌤께서 아주 친절(?)하신 편은 아니지만 질문에도 잘 대답해주시고 특히 간호사쌤들은 진짜 너무너무너무 친절하신 프로들이셔서.. 자꾸 가게됩니다^^
선생님이 약처방을 잘 해주셔서 좋습니다. 다른데서 처방 받고 안나을때도 가서 처방 받고 하루 이틀 먹으면 좋아지더라고요.
친절하세요. 늘 사람이 많아요 
주말인데 대기 30분 정도 잡아야해요. 의사선생님이 꼼꼼하게 진료는 해주시는데 설명을 잘 해주시지는 않으시네요. 간호사분들 다 친절하세요
친절해요
링거가 많이 비싸지 않고
의사쌤보다도 간호사들이 너무 친절하셔서 자주 갑니다. 
내시경은 어떨지 모르겠으나 일반 진료는 짧고 무신경한 느낌이..그치만 빨리 나았어요;
내시경 전문이라 믿고 할만 했어요~
좋아요
...
신속하고 친절해요
매번 가는 곳
친절해요
사람 수에 비해 좀 오래기다리는편
주말내내 아팠다가 괜찮아지나 싶었는데 월요일 아침먹고도 아파서 바로 달려간 내과,,, 초진이라 과거에 있던 일들을 두서없이 전해드리는데 타이핑하
시면서도 중간중간 눈 맞춰주시며 경청해주시고 대충봐주시는게 아니라 과거력, 현재력 참고해서 촉진도 해주시고 얘기도 잘 해주셔서 좋았어요-! 감사
합니당☺️ 데스크 선생님들도 친절하신 와중에 체계적으로 안내 잘 해주셔서 좋았어요! 초진표 작성, 혈압측정, 진료실 및 처방전 안내까지 막힘없...
친절하십니다 
원장님 친절하세요:)
좋아요
간호사분들 친절하세요!
위내시경 검사받았는데 검사횟수도 많고
체계적으로 안내해주셔서 좋았습니다
간호원쌤들 친절해요~^^
건강검진했어요~
아파서 갔는데 잘모르겠다는 식의 답변에 기분만 찝찝해서 저는 그냥그랬어요
평일 오전에 방문했는데 대기가 30~40분 걸린다고 안내 받았습니다. 예상 대기 시간보다는 빨리 진료하였고 혈압도 체크해주셔서 좋았어요
깔끔하고 좋아요
양재역앞 가깝구. 붐비지 않구 친절이 잘 봐주십니다.
위내시경 당일 예약으로 진행했어요
의사선생님 진짜 친절하시고 내시경실 같이 들어오시고 문진 도와주신 간호사님 진짜 친절하셨어요 설명도 잘해주시고 담에 또 가고싶은병원입니다
비용도 수면내시경에 조직검사까지했는데 10만원도 안나왔어요 합리적이예요
좋아요
독감백신 4만원입니다
평일 오전인데 한시간 넘게 대기해서 짜증났는데 주사 놔주시는 간호사 선생님 엄청 친절해서 맘 풀렸어요
만족해요 나쁘지 않음 3번째 방문 영수증 리뷰 참여
좋아요 
내과
좋아요 
별로..
다 좋은데 오래되신 간호사분이 상담을 해주시먄 좋겠어요 ㅠㅠ 
의사선생님 친절합니다 
좋아요
친절하시고 설명 잘하주세요. 위내시경수면으러 했는데 ㅎㅎ 좋았습니다
굳
굳
god
good
굿굿
친절하고 좋아요
굿
굿
좋아요
.
굿
내시경 잘 받았습니다
첫날 방문했을때 계셨던 간호사님 모두 친절하고 좋았습니다. 하지만 서류받으러 8/18일목요일에 갔는데 카운터 보시던 염색하신 간호사분은 매우 불친절했습니다. 본인은 매일 하시는 일이니깐 당연히 알겠죠?! 제가 모르기 때문에 정중하게 물어봐도 똑같은 말만 하시고 그것도 모르냐는식으로 응대하셔서 매우 기분이 나빴습니다. 다른 간호사분은 엄청 친절하셔서 좋았는데 8/18일 카운터보신분 때문에 다시는 안갈것같습니다. 
굿
굿
굿
굿
굿 
친절해요
정재한 원장님 진짜 친절하시고 진료도 잘 봐주심 
간호사분들도 친절하세요ㅠㅠㅠㅠ
원장님 친절하세요~
친절하네요"
백세의원,내과,병워ㆍ
양재내과의원,내과,"감기증상으로 방문하였는데
원장님, 직원분들 모두 친절하시고 좋았어요~!!
좋아요
좋아요
만족!!  원장선생님이 진료를 상세하고 친절히 잘 보십니다. 간호사님도 친철하세요.
굿
원장님이 진료를 잘 봐주세요 
의사선생님이 증상을 진지하게 들어주십니다. 직원분들도 프로패셔널 하다는 느낌을 받았습니다.
친절해요~^^
여의사쌤이 이것저것 물어봐주셔요. 친절
ㅊㄹㄹㄹ
진료 잘 봐주시고 친절해요
굿
친절해요
대기가 많지 않고, 원장님이 친절합니다
네이버에 5시30분까지 진료시간인데 접수마감은 환자상황에 따라 조기 마감 될 수 있다니 언제 가야 진료를 받을 수 있는지는 알길이 없네요 미리 전화 해보고 간다해도 병원에 가는 시간동안 환자가 많이 온다면 진료를 장담할 수 없으니 운에 맡겨야 되는... 의사선생님은 참 좋으신데 이로인해 환자들이 겪는 불편함과 답답함이 너무 큽니다
굿
친절하시고 잘 봐주세요

원장님 친절하세요
친절하세여
굿
친절하시고 좋아요!

원장님이 너무 친절해서 좋아요
친절하세요~^^
친절합니다
좋아요
랑 줄여라. 
굿
친절해요
의사선생님이 증상을 성의있게 들어줘서 믿음이 갑니다. 다른 곳과 차별화되는 포인트.
꼼꼼하고 친절하게 잘 봐주세요
최고!
좋아요
별로에요
좋아요 
친절해요
원장님께서 친절하시네요
좋아요
좋아요
우와
친절하고 꼼꼼하게 잘봐주세요
분위기는 디소 어수선하나 꼼꼼하게 체크함
친철해요
친절해요
처방대로 복약했더니 바로 좋아지네요 
친절하세요
의사 선생님이 친절하고 꼼꼼히 봐주세요!
친절하고 꼼꼼하게 봐주세요
원장님 간호사 분들 모두 친절하시고 좋으세요
동네 의원 느낌이에요!
원장님이 친절하고 설명잘해주세요
친절하고 좋아요 ^^
가까운 병원 자주 이용합니다
좋아요
선생님이랑 간호사분들 되게 친절하시구, 진료 꼼꼼히 봐주셔요. 과잉진료도 없으시구. 그래서 인기가 많은건지 대기시간 긴 게 단점입니다 ㅠㅠ
친절하시고 상담 자세히 해주셔서 좋아요
친절해요
항상 신세집니다
굿
선생님이 정말 친절하세요
친절
친절하세용 독감주사 신속하게 잘 접종해쓰용
친절해요
원장님 넘 진찰 잘 해주셔요 .. 내과는 여기로 갈래용
좋아요
괜찮아요
친절해요
친절해요
굿굿
친절하고 꼼꼼하게 진료해주세요 만족합니다
친절하세요
친절해요
원장님이 진짜 진료를 해주세요. 요즘 내과가면 말로만 증상 뭐있나 물어보고 약처방 20초컷인데 여기는 정말 세심하게 증상이랑 불편함 물어봐주시고 청진도 정성껏 하시고 낫게해주시려는게 느껴졌어요. 원장님 넘 좋으시다고 생각하고 나와서 약력보니 학교 선배님이시네요 💕
일년 넘게 매달 치료 때문에 방문중.
친절함...
친절하고 좋으세요ㅎ
대기인원이 많아 오래 기다려야 했지만, 간호사분들은 바쁜 와중에도 친절하셨고, 의사선생님께서 정말 꼼꼼히 이것저것 질문주고 확인하셔서 기분좋게 진료받고 나왔습니다! 다음에도 방문의향 100% 있어요! :)
굿
친절해요 
아주 친절하고 진료도 신속합니다 앞으로 내과는 여기 다닐 생각이에요
좋아요
ㅎㅎ
선생님께서 항상 친절하세요~
친절하시고 설명 잘 해주세요
좋아요
좋아요 
좋아요
의사선생님이 친절하세요
친절해요
복통으로 내과찾아 갔는데  의사선생님 꼼꼼하게 잘봐주시구 친절하세요  간호사 선생님들도 너무 친절하고 좋아요~ 
꼼꼼하게 진단해주셔서 치료에 많은 도움 되었습니다. 원장님 정말 친절하십니다.
친절해요
굿
굿
좋아요
집근처라 좋아요
친절해요
굿
친절해요
친절해요
좋아요
친절해요
굿
친절해요"
의료법인중앙의료재단 메디넷영동의원,내과,
라이프의원,내과,"알러지가 심했는데 수액을 맞고 있습니다. 감기몸살 수액과는 다르게 알러지는낮추고 면역은 올려주는 좋은 성분들로 원장님이 정해주신 수액을 맞으며 제 몸의 컨디션을 좋게 만들고 싶네요
동맥경화,혈관관리,면역이나 다른질환까지 다양하게 진료가 가능해서 주치의병원처럼 이용하고 있습니다. 다른병원 가셔서도 호전 없다면 진료 한번 추천하고 싶네요~^^
혈액검사나 다른 정밀검사를 통해 나에게 맞는 수액을 추천해주셔서 안심입니다. 장기적으로 나에게 도움이 될꺼라고 생각하니 더 기대가 됩니다.수액 추천해요
온 가족이 치료를 받고 있습니다. 부모님은 혈관 관련이시고 저는 수액을 자주 맞고 중학생 딸램까지 관리를 받으니 참 좋습니다. 치료효과도 좋아 자꾸 주변에 추천하게되네요~^^
감기몸살로 수액 맞았는데 많이 좋아졌어요~한번더 맞을생각입니다^^
혈관 관련 치료나 수액치료에 최고입니다. 다이어트 관련해서도 후기가 많더라구요~다른병원 찾지마시고 라이프 추천드려요~^^
맞춤옷처럼 나에게 맞는 수액을 추천해주세요~반신반의하면서 시작했지만 조금씩 컨디션도 회복하며 좋아지는것 같아 계속 수액을 꾸준히 맞으며 몸관리에 신경쓰게 되네요^^
금요일 저녁 진료 종료시간인 7시 다 돼서 이원장님께 진료 받았는데 퇴근시간임에도 불구하고 너무 친절하게 잘 들어주시고 잘 설명해주시며 진료해주셨어요. 감사합니다!
수액때문에 자주갑니다. 나한테 맞는 것으로 추천해주셔서 효과도 좋은것같아요~
매주 1회씩 꾸준히 수액을 맞으니 변화가 느껴지는듯 만성피로에 힘들었었는데 에너지가 조금씩 차는것같아요
감기로 왔는데 잘봐주심 직원들도 친절하심 
진료볼때마다 원장님이 친절하게 설명해주시고 직원분들도 안내를 잘해주셔서 자주 가게됩니다^^
환자들굉장히많아요
잘해줘요
수액을 꾸준히 받고 있습니다. 다른병원보다 정밀하고 다양한 혈애검사나 추가검사를통해 맞춤수액으로 들어가니 안심이되고. 수액 덕분인지 몸도 더 가벼워지고 피로감도 덜 한것같습니다. 수액병원 찾으신다면 라이프의원 추천합니다^^
아버님이 동맥경화 치료를받고 계시는데 중간에 검사했을때 처음 오셨을때보다 많이 좋아지셨습니다. 컨디션도 처음보다 좋아졌다고 합니다. 부모님 혈관건강검진으로 지인들에게도 소개하고있답니다.
분위기 좋아요
정밀혈액검사후 결과에 따라 수액을 정해주셔서 신뢰가 갔습니다^^
검사 내용이 대한   자세한   설명과  해설 잘 들었습니다.  
감사합니다.  

수액 강추~제가 효과를 본 뒤로 주변에 소개하고 다닙니다^^
원장님과 직원들이 친절합니다. 진료볼때 설명도 잘해주십니다. 계속 오고싶네요~^^
다른병원에서는 약만 주고 짧게 진료만보고 자세히 설명안해주는데 여기는 동맥경화를 적극적으로 관리할수있게 도와줍니다^^
수액으로 효과를 톡톡히 봤습니다. 증상 개선이 확실히 됐고,원장님이 권유해주신 정밀검사 덕에 제 몸상태에 대해 잘 알게되었어요~라이프 의원 강추입니다!!
진료 잘 봐주십니다 :)
간호사선생님들도 친절하십니다!
퇴근시간때 간거라 대기가 필요했지만 괜찮았습니다!
가족들이 다 관리를 받을수있는 주치의병원으로 추천합니다.부모님,자녀까지 모두에게 필요한 치료를 권유해주세요~^^
초음파 설명 잘해주시고 수액치료도 좋음
수액치료잘받고있습니다. 꾸준하게 받으면 좋을것같아요
직원들이 친절하고 치료가 잘 되었습니다^^
제 몸상태에 적합한 수액을 추천해주셔서 좋았어요~꾸준히 맞으니 피로감도 줄고 활력이 생겼습니다^^
치료 받으러 와서 평소 관심있었던 셀룰라이트 제거 해봤습니다. 종아리에 지방분해주사와 셀룰라이트 제거를 1회 체험하는 건데 지방분해주사가 아플
까봐 걱정했지만 전혀 아프지 않고 체외충격파는 처음 해본거라 그런지 너무 시원했습니다. 끝나고 나올때 계단 오르는 팁도 알려주셔서 너무 감사했습
니다. 포톤치료 마치면 비만클리닉을 시작해야겠어요~ 감사합니다~
혈관관련 치료는  라이프의원 추천합니다~
수액  효과 좋은듯
평소 비염이 심한 알레르기질환으로 환절기마다 심하게 고생중인데 면연질환에 효과가 높다고 해서 광양자치료 시작했어요. 
비염없는 세상에서 살고 싶어요~ ㅎㅎㅎ
포톤치료 받기 시작했는데 너무 좋은데요~
몸이 너무 가볍고 요 며칠 잠을 잘 자서 살것 같아요~ 고맙습니다….
현기증으로 진료봤어요. 직원들도 친절하고 원장님드 친절하게 진료봐주셔서 기분이 좋게 진료받고 갑니다.
몸살 때문에 수액 맞으러 왔는데 선생님들 모두 넘 친절하셨어요 감사합니다~
여름 감기로 수액맞았는데 증상이 많이 좋아졌어요~원장님과 직원들 모두 친절하게 설명해주셨고.수액실도 침대에 전기장판도 해주셔서 따뜻해서 누워있다가 왔습니다. 한번더 방문할예정입니다
수액 맞으러 자주 방문하는 곳입니다 . 늘 친절하신 간호사 선생님들 덕분에 치료 잘 받고 있습니다
포톤 치료가 당뇨병 질환에 효과가 있다 해서 수소문끝에 방문했습니다. 
치료 잘 받고 갑니다. ^^
요며칠 배가 아파서 방문했는데, 청진기나 배를 눌러보지도 않고. 환자 얘기만 듣더니 약을 처방해주네요. 그럴꺼면 약국을 가지 왜 병원을 가나요?
인터넷 검색만해도 나오는 얘기들만 듣고 왔네요. 피검사나 수액 잘해줘서 믿고 가는 병원이었는데 돈이 아깝습니다. 다른 병원으로 다시 갑니다
친절해요
친절하게 진료와 상담해줘 좋아요
갱년기 관리를 위해 처음 방문했는데..수액 프로그램도 다양하고 치료효과도 좋은거 같습니다..무엇보다 의사쌤간호사쌤들이 너무너무 친절하십니다.
부모님 건강은 라이프 의원에서 관리합니다.
좋아요 😀 
장염으로 수액맞았는데 효과 귯
감사합니다 
평소 라이프에서 수액을 맞고 있었는데 이번에 혈관 질환에 좋다는 지인의 추천을 받아 포톤 치료를 받았습니다. 1회 시작했는데, 하고나니  눈이 시원
하고 밝아진 것 같네요. 대학병원 수준의 간호사가 해줘서 무척 신뢰가 갑니다.  이제 수액따로 혈관치룦따로 하지 않고 라이프에서 가능하니 여기저기 
다니는 번거로움도 없고 마음이 놓입니다~
친절
포톤 치료 하는 곳을 찾고 있었는데 양재동 라이프의원에서 포톤 치료를  받게되서 너무 좋으네요.  늘 번창하세요^^ 
오늘도 감사합니다 
친절해요
수액치료 전문병원인긋해요
수액 맞기 편해요
끝나는 시간인가 봐요. ^^ 오늘도 시원하게 치료빋고 갑니다.  더 나아지는 힌주가 될거 같아요.  감사합니다. 
진료비가 아깝지않음
직원분들 친절하게 맞이해줘서 좋아요
치료받은지기 몇주 되가는것 같다.  그간 왜 아픈지도 모르고 우선 약을 먹으며 지냈는데 계속 반복됐었다.  원장님이 원인을 찾자해서 찾았고 근본적인 
치료를 하자 해서 음식조절도 하고 수액도 맞으며 몇주 지났는데 좋아지는게 느껴진다. 어렵게 치료하는 만큼 원장님 말씀 듣고 근본적으로 나아져야겠
다. 여태 다른 병원은 왜 다녔는지. ㅠㅠ
왠만하면 리뷰같은거 안남기는데.. 몸살 수액을 9만원에 맞고 왔네요.. 눈땡이 맞은 느낌이라 미리 9만원이라고 설명해주셨음 안 맞았을것 같아요... 
13만원의 몸살+비타민 등 들어간 수액을 맞으려다 시간이 부족해서 빼고 그냥 몸살 수액만 맞았는데.. 그냥 9만원 휘리릭 결제해버리고 당황스럽게 나왔네요.. 
꾸준한 치료로 컨디션이 눈에 띄게 좋아졌습니다
올때마다 마음 편하게 진료와 상담해주셔서 늘 고맙습니다|
치료안내를 자세히 해주심
깔끔한 시설, 의사선생님&직원들 다들 너무 친절합니다
가면 무조건…링겔을 추천하세요ㅜㅜㅜ저날 너무 아파서 받기는 햇지만…비싸요^,^
친절해요  늘 감사해요 
수액이나 동맥경화 치료가 잘 되어있는듯
친절
친절해요  점점 좋아지고 있는거 같아요
원장님 친절하세요
수액치료에 효과봄
우선 대형병원보다 더 진료가 정확하고 좋은것같아요 궁금했던점이해결되고 간호사분도 의사선생님도 너무좋으시고 아픈 부분과 궁금했던점들이 해결되니까 마음이편하고 검사받길 잘했다라는 생각이들 정도로 너무 좋은병원입니다! 그리고 시설도 너무 깔끔하고 좋아요! 별10개면 10점드리고싶을 정도에요!
굿
선생님들이 굉장히 친절합니다
모두 매우친절하심
친절 빠름
원장님이설명잘해주시고 직원들도 친절함 수액전문인듯 종류많음
모든 원장님이 친절해요~
원장님과 상담 해주시는분 참 친절
수액치료 받고 좋아졌어좋아졌엉ㅛ 초음파초음팓ㅗ 해보고싶어요
수액처치좋아요 상담을 잘해ㅈㅝ요
굿
장염증세때문에 ㅠ 많이좋아짐 친절합니다 
바쁠텐데 친철하게 해주시네요
1,2,3 진료실 쌤들 모두 좋아요.
직원분들 친절해요~^^ 수액 맞고있는데 조금씩 좋아지고 있는듯
너무 비싸고 수액이랑 주사팔이 하는 병원이라 피곤해요...
진료가 꼼꼼해요. 알아듣기 좋게 설명해주시네용 gs쌤!
엄마땜에 심장내과 검색해서 알게된 병원, 여러가지 검사를 했는데 심장쪽은 괜찮은데 경동맥 초음파검사서 혈관벽이 많이 정상수치보다 많이 두꺼워
져 뇌졸중, 심근경색이 올 확률이 높다고 함. 따로 처방전은 없고 기계치료와 주사수액치료  주 2회로 40회가 있다고 함. 지방이라 힘들거 같아서 온김에
당일에 노폐물, 중금속 배출,혈관청소등에 좋다고 22만원 짜리 맞고 옴. 저희엄마 혈관이 없어서  수액놓을때 항상 힘들어 하셨는데 여기 선생님 ...
간호사선생님들 친절하세요, 검사때 목걸이 잃어버려서 찾는데 나서서 도와주셔서 감사하고 죄송했어요~
굿~~~~~~~~~~
의사 선생님 간호사 선생님 모두 친절해요
동맥경화 치료로 수족냉증이 좀 나아졌어요
친절해요
(2번째 방문 후기) 첫 방문은 수액 맞으러. 시설이랑 침구가 새 거 + 구석구석 깨끗 + 보송보송해서 호감. 개취지만 침구 중요.
두번째 방문은 미용 시술 받으러였는데, 원장님께서 시술 내용을 알아듣기 편하게 잘 설명해주셔서 이 부분도 호감.
수액치료효과좋음
직워들이 친절함
아픈곳을 잘알고 진료해줍니다. 
ㄱㅌ ㅇ
.
최신식이라 좋고 다들 친절하셔요. 의사쌤께서 꼼꼼하게 봐주시고 설명도 자세하게 해주셔서 좋았습니다 ㅎㅎ
친절하고 치료가 잘되요
.
수액 상담도 가능했음"
역삼의원,내과,"꼭 가보세요
강남구 논현로64길22. 영인빌딩2층
구 역삼4거리에서 다음 큰4거리 가기 전 ,작은 4거리 좌측 길, 우리은행 지나70m정도역삼의원. 
 소문듣고 찾아 갔는데 예약 안하고갔드니 3시간걸려. 독특한 진료로 쪽집게 같은 진단에 감사한다.  역삼의원.이형교원장님께감사드리린다.
굳👍
굿
굿
good
의사신생님 너무 좋으세요^^
굿👍
다 친절하시고 설명도 잘해주세요
친절해요
좋아요
굿
굿
굿
좋아요
굿
좋아요
가까운 곳이라서 늘 자주 찾아가는 병원이엇는데 나중에 알아보니 여기가 문진.진맥 등 환자 상태를 귀신같이 잘 알아 마추는 의원이라고 하네요. 그래
서 저는 지금도 아프면 종종 이용을 하게 됩니다. 작년에 이사를 해서 시설내부도 넘 깔끔하고요. 컴퓨터가 아닌  수기로 작성하지만 아픈증상에 대하어 
병명 판단을 넘 잘 하는 것 같아서  종종 가게 되는 것 같아요~ 같이 
좋아요
친절하게 잘 진료 상담해줍니다.
친절해요
굳👍
👍
좋아요
좋아요 
선생님 친절하세요^^
good
친절한 상담과 처방~ 좋아요
늘 대기손님이 많아서 진료받기까지 오래걸리지만 의사선생님 굉장히 친절하시고 진료 꼼꼼하게 잘 봐주십니다! 
친절해요 
친절함 
좋아요~
간호사분들친절하시구
원장님 설명친절히잘해주세요~
좋아요
친절해요
굿
친절한 상담과 처방 좋아요
굿!!
친절
의사분은 친절하신데 사람이너무많고 카운터에서 대처를 잘 못하세요
친절하시고 자세히 설명해주세요
굿
좋아요 
Good 
굿
친절하세요 
구
맛있어요
친절합니다.^^
친절하고 진료 잘 봐주세요
굿
친절하십니다
굿
진료를 잘보세요
good 
왕친절하시고 진료도 꼼꼼하고 원인도알려주시고 앞으로 여기 정착입니다 영수증원래 안받는데 나만 알기 아쉬워서 리뷰남겨요 최고임 여기
좋아요 
good 
친절해요 
좋아요
좋아요 
진료를 성의있게 잘봐주십니다
20 년동안 디니고 있지요
좋아요
.
진료를 잘 보세요
의사 분이 아주 친절하고 약도 잘들어요!! 아픈 원인도 자세하게 설명해주고 일단 엄청난 내공이 느껴져요 계속 다닐거에요!!! 아쉬운 부분은 데스크에 
계신 간호 조무사분들,, 인사도 안하고 데스크 바로 앞에 서있는데 눈 마주쳐놓고 아무말도 안하고,,, 처음 왔다고 말해야 그제서야 작성해야하는 문서를
 주는...^^
좋아요
좋아요 
굳
최고에요 
좋아요 
.
친절해요
.
최고에요 
굳
좋아요 
친절해요
찬절해요
10년째 다니는 병원
의사쌤 정말 친절하시구 정말 잘봐주세요
약도 너무잘지어주십니다
20년째 다니고 있는 병원 이에요.
실력은 기본이고,질병의 원인까지도 설명 해 주세요.
타 병원에 비해 진료 시간도 길고 복합적으로 관리 잘 해 주십니다.
굿
좋아여
-
좋아요
친절하고 좋아요 선생님이 자세하게 설명해주십니다 
의사 선생님이 아픈 원인을 잘 찾으십니다
good 
친절해요 
친절해요
ㅊㅈ
설명이좋아요
의사선생님께서 굉장히 친절하게 설명하시고 약도 강하지않게 처방해요
good 
굿
친절하시고 진단이 정확 합니다 
굿
좋아요
.
좋아요
자주 다니는 곳인데 좋아요
1
거주지랑 병원이랑 거리가 있어도 짝꿍이랑 같이진료받았어요. 오랜기간 변함없이 찾는이유는 특별한 의원, 원장님, 간호사선생님들의 전문성과 환자
를 대하시는 진정성, 핵심파악, 방향성 제시때문입니다.   몸과 마음이 치료되는건 당연하구요.   최근에 확장이전했는데 병원 내부가 더 넓고 깨끗해져
서 덩달아 기분 좋아지네요. 
원장님, 데스크에 앉아계시는 간호사님들 너무 친절하시고!!병원도 깨끗해여 
좋아요
자주 가는 병원
굿
의사선생님이 친절하세요
친절히 잘 봐주세요
굿 좋아요
신기한의원"
백남종내과의원,내과,"좋아요
약이 잘들어요~^^

대기는 길어서 아쉽고 진료는 빨라서 좋은데 아쉬운건, 처방만 내리시고 음식이나 어떻게 관리해라라는 조언같은게 없음... 약만 먹고 잘 나으면 되는건가...
원장님 쫌 핵시크함
데스크 직원들이 불친절해요.
다신 방문하고 싶지 않아요 ~
친절해요
약이 잘들어요
추천합니다 
데스크분들도 원장님도 친절하세요
원장님 데스크분들 모두 친절하세요
좋아요"
위드유의원,내과,"조용합니다
근처 피부과가 환자가 많아 넘오래 기다려야해서 네이버 검색하고 빨리 치료받고자 방문한건데 그냥 모든게 갸우뚱 이내요.
데스크 선생님들 너무 친절하셔서 좋았어요!
    Good
두드러기 심해져서 검사 받으러 내원했는데 검사 시간도 빠르고 결과도 쉽게 설명해주시고 
원장님들도 친절해요!!!
당일에 급하게 갔는데 진료 바로 봐주시고
 원장님도 친절하셨습니다 아래 안좋은 불친절 리뷰보고 걱정했는데 저는 좋았습니다
광고 보고 갔는데 장사속인거 같다고 느낍니다. 주차도 불친절하고 여러모로 아래 리뷰랑 다를게 없네요 광고보고 다신 속지 말아야지 직원들 점심시간 
걸릴거 무서워서 예약 잘 안받으려는거 나가는데 불꺼버리는데 눈치 보이네요;;
직원들 불친절 예약 없이는 오래 기다릴수 있다함 예약 하고 가도 기다림 점심시간을 지키기 위해 칼같이  하시더니 온김에 예약 없이도 진료 된다고함 
보험서류만 받으러 갔으나 결국  진료 유도해서 진료 받음, 증상 완화되서 결과지만 받고 싶었으나 꼭 진료 받아야지 100종 알러지 결과표 준다해서 결
국 의미없는 진료진행 추천할수 없는병원
친절해요
좋아요
설하 면역 치료하고 싶어서 인터넷에서 검색하고 설하 면역 치료 전문의원이라고 해서 가는데 설하 치료 없다고 하시네요. 그말 듣고 1분만에 바로 나왔는데 진료비 받으셨네요ㅎ 돈 참 쉽게 버시네요ㅎ 그래요~ 돈 많이 많이 버시고 부자되세요ㅎ 그래도 허위광고는 좀 하지맙시다ㅎ 제발~
갑자기 두드러기가 나서 갔는데 처방받은 약 먹고 많이 나아졌어요. 감사합니다.
좋아요
친절해요
친절해요
좋아요
1시간넘게 기다리고ㅜㅜㅜ 3분진료  주차장 비용  최대30분 지원  오래기다려서 추가주차권 30분주신다고함 그래도 1시간오바해서 추가결제됨 10분미
만 시간오바됨  추가발생 2000원 결제 가야한다면  차 없이가는게 좋을듯합니다.
미용목적이아닌 두드러기때문에 방문했어요.  가격은 있는편이지만 약이랑 잘들어요
굿
친절하세요
친절해요
친절하세용
선생님 친절하고 좋으세요
친절하고 꼼꼼히 상담 진행해주셔서 좋아요! 예진도 잘 해주셔서 알러지 원인 잘 찾았음 좋겠습니다 ㅠㅠㅠ
불친절함을 느낀건 저만 그런게 아니군요. 인천에서 처방받아서 우루사200mg 계속 먹고 있다가 병원이 너무 멀어서 가까운 곳으로 왔다고 말하고 처방
전 요청하는데 나는 100mg만 처방하고 200mg은 한번도 처방을 해본적이 없다면서 200mg을 처방하면 우리가 일부를 부담해야 한다면서 처방을 안해
주는게 아직 무슨말인지 이해가 안가고. 그럼 그 병원가서 처방받으라는 그런말이나 하고 오늘은 점심시간 30분전에 갔는데 30분후에 점심시간 ...
친절함이 부족해요
아무리 코로나라지만 목감기로 갔는데 의사선생님 목 한번 안보시고 진료보시네요... 비타민주사도 비싼걸로 얘기하시고 캐물으니까 싼거 얘기해주시는건 뭐죠...? 비타민 주사 맞는데 빨리 놔서 그런지 안맞는건지 심장이 콱 막히고 이상 증상 있어서 바로 뺏네요.. 취소받고 나왔어요..별로예요..
친절하셔요.
친절하다 진료잘해주신다"
미토의원,내과,"친절해요
친절해요
좋아요
친절 하십니다
ㆍ
바
미토의원 이전했네요
시설도 훨씬 좋고^^
선생님이 정말 친절하세요.
모르는 부분 물어보면 상담도 늘 꼼꼼히 해주십니다.
간호사분들도 주사 잘 놓으셔서 좋아요:)
굿
잘봐주셔서 감사드려요."
지디스내과의원,내과,"소화기내과 선생님 친절하세요
진료잘받았네요
친절해요
조아요
조아요
좋아요
좋아요
굳
좋아요
친절하고 좋아요
의사 선생님이 친절하세요. 
건강검진하기에 좋아요. 친절하고 체계적으로 신속하게 진행되고 설명도 자세히 잘 해주세요
친절해요
좋아요
친절해요
지디스내과
친절해요
환자를 늘 평안하게 대해주어 좋습니다
ㅎㅎ
굿
주차도 리프트 사용하게 되어 편하고 카운터 분들 너무 친절하게 응대해주셨습니다. 여의사님은 설명도 잘해주시고 진찰을 잘해 주셨습니다. 다음에 또 
갈게요~ 아프면 안되겠지만요 ^^
친절하게 진료 꼼꼼히 해 주십니다
굳
좋아요 
친절해요 ~^
좋아요
참 좋은 병원이에요
머리 단발에 팔 문신있는 원무과 직원 굉장히 불친절하네요..아침 7시40분에 가서 1시간 넘게 기다렸어요 
좋아요
좋아요
친절한 진료 매우 좋아요.
참 자상하세요
병원이 깔끔하고 원장님들이 친절하세요.
명의 선생님 들 이십니다.
좋아요
좋아요
좋아요
굿
좋아요
영상선생님도 내과선생님도 다 친절하고 좋으십니다. 좋은 진료해주셔서 감사합니다 선생님들.
좋아요
친절해요 
좋아요
좋아요
내과………
좋아요
친절해요
친절해요
초큼 비싼듯
친절해요
😶
좋아요
좋아요
친절하고 자세하게 설명해 줍니다.
좋아요
좋아요
좋아요
친절해요
좋아요
좋아요
굿
복부초음파를 받기위해 방문했습니다. 보통 병원에서 젤 오염방지로 바지에 티슈를 대야할경우 간호사가 ""휴지 덧대어 드릴게요""라고 사전에 고지한후 
바지를 들춥니다.그런데 여기는 간호사없이 영상의학과 남자의사분이 제 바지 허리춤을 팬티끈까지 같이 올라가게 들춰서(제 시야기준 생식기가 보일
정도) 너무 깜짝 놀랐고 불쾌했습니다. 아무리 병원이라도 본인은 매일하는 루틴이지만, 환자에겐 내 신체가 동의나 사전고지없이 급작스레 노출...
좋아요
만족합니다 번창하세여
좋아요 😀 
집근처라 국가검진할때 이용해요
서울대 출신 실력있는 원장님 믿고 내시경해요 ^^
건강검진 했어요 원장님 친절하시고 자세하게 설명해주셔서 좋아요
좋아요 
친절하게 알려주셔서 좋아요
아침부터 열려있고 접수도 금방되는데 사람은 많은편. 
의사샘 친절하세요
친절해요
친절
의사쌤 친절
친절
친절해요
좋아요 
선행님이 친절하십니다.
친절합니다.
친절하세요
너무 친절하시구 효과 좋습니다
좋아요
최이령 소화기 내과 선생님 
넘 좋아요~~~
빠르고 친절해요
Soso
조아요
이찬주? 환자 말 계속 끊고 본인 말만 함. 위압적인 태도로 엄청 불친절. 내가 의산데 니가 뭘 아냐는 식ㅋㅋ 다른 원장님들 리뷰 좋고 집앞이라 가본건데 후회 중 
친절하시고      치료를     잘해    주셍ᆢ
동네라서 가깝고 편해요 친절하시구요
친절해요. 동네 믿을 수 있는 병원이예요
걍 병원 특뱔한친절함없는 걍 병원
친절하시고 좋아요 수액맞고 나앗어요
굿굿
친절하고 꼼꼼하게 진료해주셔서 마음에 들어요
친절하시고 좋아요
친절합니다
내과 좋아요
굿
다들친절하셨어요
대기는조금있는편
친절해요
굿
좋아요
원장님 친절하게 자세히 잘 설명해주셔서 찾아갑니다. 늘 감사드려요. 오래오래 진료해주세요🙏🏻
명의입니다
시설 깨끗하고 선생님도 친절하셨어요~
좋아요
주기적 방문함
한 20년 째 찾는 병원이에요. 언제나 친절하시고 좋아용
친절해요"
남재현프렌닥터내과의원,내과,"그냥 그래요.. 친절하지않아요.
위내시경 후 위장약...ㅎㅎ
의료진친절해요
굿
친절하세요
정기약처방...
좋아요
상담도 최악이고 무슨 방송나와서 그런 태도를 취하시는지...
친절해요
가까워서 다니는 동네 병원...
환자기다림많아요 예약후가세요 당일예약안되요 간호사님 많아요 더위셔서그런지 다들 ^^;;
간호사분들 많으심

진료 정말 대충 보세요 1분도 안걸린거같아요 어디가 어떻게 아픈지 제대로 물어보지도 않으세요 간호사가 많은데 정말 너무 불친절해요  일하기 싫어
하는 것 같아요 자기들끼리 노는것만 좋아하는 것 같이 보여요 이렇게 불친절하고 대충 대충인 병원은 처음 보네요 다시는 안갑니다 
원장님은 약이나 병에 대해서 잘아시고 친절상담 해주세요ㆍ다른병원 연계 시스템도 잘 되어있고,병리사가 있어 결과도 바로 볼수있어 좋은데요,스텝들이 좀 불친절해요
굿

진료가 1분도 안 걸릴 정도로 너무 대충 보시네요.. 배가 아프다니까 대충 손으로 아픈 위치 확인하시고 장염이라 진단하셨는데 약을 아무리 먹어도 안낫길래 다른 병원에 갔더니 장염이 아니었네요. 생고생만 했네요 아주ㅠ 
👍
친절하고 건강검진  빨리 받았어요
굿
👍
굿
좋아요^^
좋아요
굿.
친절해요 
정확한 진단까진 아니더라도 보통 증상을 말하면 최소한의 설명은 해줘야하는거 아닌가요? 그냥 처방전 주고 진료는 1분만에 끝이네요,, 방송이랑은 많이 다르시구요ㅜ 50대 간호사분도 너무 불친절하세요ㅠㅠ 다신 이병원 안가요ㅜㅜ
굿
원장님께서 병이나 약에 대해서 친절하고 정확하게 알려주세요ㅡ간호사들은 약간 불친절ㅠㅠ
재방문 의사 없습니다.
친절하세요
굿
담당의사선생님 친절하세요.
👍
의사쌤은 친절하심
굿
저만 느끼는 줄 알았더니 밑에 리뷰들 쭉 읽어보니 저랑 같이 생각하신 분들이 많네요~ 의사 선생님은 공감도 잘 해주시고 친절한데 특히 제일 젊은 머
리 긴 간호 조무사 진짜 불친절 합니다. 제가 저번에 처음방문일 때 4층은 뭐하는 곳이냐고 물어보니 저를 대놓고 위아래로 훑으면서 검진하는 곳이요! 
하고 딱딱하게 말하는데 위아래로 훑긴 왜 훑습니까 정말 기분 나빴습니다.  그리고 손님이 있는데도 자기네들 4-5명끼리 수다를 정말 크게 아랑...
굿
친절하게 상담 해주십니다
유명세를 많이 타신분인데도 친절하시고 꼼꼼이 봐주셔서 믿음이 가요ㅡ근데 간호사들은 좀 불친절하네요ㅠㅠㆍ
간호사조무사들 진짜 싸가지 없어요. 어떤 할머니한테 어떤 조무사가 “여기 3층 아니고 4층이라고~” 이러고 결제할 때 가격 말도 안하고 걍 결제해버리네요 ㅋㅋ 건강검진 받는데 결과 언제 나오냐니까 한숨 푹 쉬고 말하고 퇴근시간 전에 갔는데 빨리 집가고 싶어하는게 뻔히 보이고..;;; 좀 그렇네요 그래도 의사선생님은 친절하고 잘 진료 하십니다~ 의사쌤 보고 가는가면 완전 추천~~
원장님이 친절해요~
친절해요
그냥 그랬어요....
친절하시고 대기가 안 길어요
친절합니다
친절해요
증상만 물어보시고 처방전만 주는 곳이었다면 그냥 약국을 갈걸 그랬어요
시설이 덜 좋은듯
굿
친절하시고. 편한 분위기. 요청사항 잘 들어주시는 의사분 입니다
굿
사람은 많지만 진료 잘봐주세요.
굳
환자분들이 많아서 대기 시간이 좀 길어요
정.말.불.친.절

어르신께 대하는 태도보고 진짜 정떨어짐 
진짜 왠만하면 참고 다닐려고 했는데.... 간호사들이 너무 네가지가 없어서 더이상 못 다니겠어요~ 매번 기분이 안 상한적이 없어요~   의사쌤도 밑에 약
국도 다 친절한데.... 간호사들은 한명도 안 빼고 다 4가지가 없네요~ 없던 협압도 생겨요... 나이 50에 간호사가 불친절하다고 느낀것도 처음인데 매번 
그러니 되려 스트레스 받네요.... 간호사들도 병원 크기에 비해 많은데... 월급줘야하는 의사쌤이 불쌍 
약 처방을 잘 내려주시는 의사쌤ㆍ
굿
굳
좋아요
친절해요
종종 이용해요
친절해요
원장님이 친절하셩요~
건강검진 했는데 친절해요.
빠르고 친절해요👍
친절해요
친절해요
좋아요 
친절해요
굳
좋아요 
친절해요 
굿!
불친절해요. 간호원들
과잉진료 없어 좋음. 근데 진료실 안내하는 간호사분 환자응대할때 말투고쳐야할것 같음 두번은 안갈거임
친절해요
위내시경
굳
굿
원장님도 친절하고 병이나 약에 대해서는 박사님ㅋㅋ건강 검진센타랑 운영되어 저렴하고 좋아요
굳
좀 분위기가 그렇긴 하지만 처방 잘 해주시고 금방 괜찮아집니다. 
친절하고,아주 좋아요.
남 선생님 아주 친절하십니다.
좋아요 
^^
친절해요
아픈증상 얘기하는데 다 듣지도않고 1분도 안되서 대충 약만 처방해주네요 ㅋㅋㅋㅋㄱㄱ 귀찮은건지 빨리보내고 싶은건지 모르겠네요 그렇게 진료할거면 일반인 알바 구해서 앉혀놓고 진료 보시는게 어떠세요? 원장님보다 진료 끝나고 간 약국의 약사가 더 자세히 상담해 주더군요 ㅋㅋㅋㅋㅋㅋ 이 병원 최악입니다 여기 갈빠에 그냥 집 근처 약국가서 약사한테 약 처방 받는게 훨씬 나아요^^ 첫방문자분들은 이 글 참고해서 방문하세요^^ 
친절해요
...
의사 쌤은 친절하나 간호사들이 별로임
좋아요
굿
굿
진료 잘 봐주세요
친절합니다
속이 안좋아서 갔는데 급한일이 있으신지 대충 증상 듣고 약지어주고 끝이네요. 질문도 없고 내시경만 강조하시네요. 재방문은 하지 않을 예정입니다.
좋아요 
정기적으로 다닙니다ㅡ
친절해요
프렌닥터는 의사쌤 친절하고 약과 병에 대해서는 박사ㅎㅎ다른병원과신속하게 연결해줘요
…
원장님이 친절하고,약에 대해서 굉장히 해박하고 좋아요
좋아요
선생님 친절하고 좋아요. 단, 접수및 몇몇 간호사분들은  좀 환자대하는 태도를…개선할 필요성이… 병원도 영업하는곳이라 생각하기때문에 친절도가 
중간 이상은 가셔야할듯 해요.^^
진료 잘 봐주세요
굿^^
조금은 친절하셨으면...합니다
입구 들어가자 마자 기분이 더 안좋아져요
좋아요"
의료법인명경의료재단꽃마을의원,내과,"검진을 체계적으로 잘해줘요
정신없지만 친절하게 진행해요
건강검진 받고왔어요- 
기다리는시간이 짧아 좋아요 
검진하기 좋습니다. 친절한편이구요
회사 검진 지정 병원이라서 갔는데 답답한 환경과 많은 사람들로 인한 공기도 탁하고 생각지도 않은 지출까지..
비추입니다~
건강검진......친절해요!
이 계단을 내려오면 건강검진이 시작되고, 올라가면 끝이 납니다! 
항상친절하시고 몸안좋을때마다 한약 먹고있어요~!!
친절해요
건강검진 하기 좋은 곳"
연세내과의원,내과,"여기 항상 명절날 오전진료 해주시는데 너무 감사합니다ㅠ 데스크 직원분들도 너무 친절하세요! 
수액맞았는데 친절하게 잘대해주셨어요
친절하세요.
갈때마다 선생님 진찰 잘 봐주시고 설명도 잘 해주셔서 좋아요~
친절해요
굿
 ㅡ
작지만 의사선생님이 좋으셔요. 번창하세요
친절해요
간호사 선생님, 의사 선생님 모두 정말 친절하세요! 일요일에 열려있어서 좋아요"
소망내과의원,내과,"의사쌤 너무너무 친절하시고 직원분들도 좋았습니다!
연휴에 아파서 곤란했는데 이렇게 휴일에도 열어주셔서 정말 감사합니다❤️
친절하고 진료 잘봐주세요
친절하고 자세한 진료 너무 좋았어요
의사 선생님이 정말 의사가 무엇인지 확실히 몸소 실천하고 계신 분이네요. 병원 가면 항상 돌아오는 기계적인 답변에 그냥 항상 가까운 병원만 다녔는데 앞으로 아플 때마다 이 병원으로 찾아서 올려고 합니다. 감사합니다
오랜만에 진짜 의사선생님다운 분을 만났어요. 원래 근처 ㄴ내과를 다녔는데 불만족스러워 찾게 되었습니다. 원장선생님이 너무 친절하고 꼼꼼하게 진료 봐주세요. 설명도 자세하게 해주시고 30초만에 약만 한움쿰 처방해주는데와 달라요. 병원도 깨끗하고 진료가 너무 만족스럽습니다. 직장근처라 앞으로 이곳만 방문하려구요.
병원이 생긴지 얼마 안 된 것 같아요 엄청 깨끗하고 대기시간 없이 바로 진료봤어요! 의사쌤이 진짜 꼼꼼히 진료 봐주셔서 너무 기분 좋았어용
증상 하나하나 다 들어주시고 이런 증상은 없는지 체크해주시기도 했어요
이런곳이 더 유명해졌으면 좋겠네요 ㅠㅠ 앞으로 내과갈 때는 여기만 갈 것 같아요
원장님께서 아주 친절하시고, 꼼꼼하게 진료를 봐주십니다.
다음에 또 방문할 것 같습니다!
지금 까지 경험한 병원 중에서 의사분이 가장 친절하고 자세히 진단과 처방을 설명해주는 곳이었습니다. 
친절하세요
일단 병원이 깔끔하고, 친절하고 자세하게 진료 봐주셨습니다. "
올리브내과의원,내과,"이곳은 단순히, 동네 내과가 아닙니다.  환자와 10초 대화하고 처방전 나오는 수많은 내과와 정말 다른 , 차원이 다른 내과 입니다.  질병의 원인이 무엇
인지, 그 시작이 어디인지를 의사선생님이 속시원히 알려주시며 함께 고민하고 해결하며, 치료해갑니다.  약 4개월 동안의 소화불량과 소화불량과 함께 
오던 심한 등통증이 올리브내과를 내원하면서 드디어 나아지고 있습니다.  반드시 꼭, 리뷰를 읽으신다면 지역주민을 넘어 한국의 소화불량 환자...
가족처럼 친절하게 진료와 상담을 잘 해 주십니다.
ㆍ
좋아요
굿
원장님의 피 검사 후 친절한 설명이 좋아요:) 
감사합니다! 
좋아요 
굿
데스크 직원분들 모두 친절하고 엄청 꼼꼼하게 안내해주셨오요 완전 주사도 안아프게 놔주시고 의사쌤도 친절하고🩷
문쌤~~ 간호쌤들 ~~ 진심으로 감사했습니다 !!! 💕🥹👋 오래오래 계셔주세요 !! 추후에 또 반갑게 찾아뵐게요 ~🤩
선생님 설명 잘해주시고 에너제틱하셔서 좋아요! 
원장님 너무 좋아요..늘 다니는 병원. 처방외에도 좋은말씀 너무 감사합니다 
너무 좋습니다 ~ 언제나 감사드립니다 😇
의사 선생님께서 환자들의 이야기를 성심성의껏 들어주셔서 편안하고 정말 좋습니다 링거 맞을 때는 혈관이 잘 안보이고 약한 편인데도, 하나도 안아프
게 한 번에 잘 맞았습니다! 이런 적은 처음이라 신기할 정도였습니다 좋은 병원 알게 되어 큰 복이라 생각합니다:)  감사합니다!
친절하게 의사쌤 상담 잘해주시고 간호사님 주사 잘놓으세요
여러가지로 몸이 안좋았는데 검사랑 결과 관련해서 꼼꼼히 봐주시고 끝까지 봐주시는 좋은 병원 이에요! 추천입니다 !!
친절하시고 설명을 똑부러지게 잘해주세요
부족한 비타민 알려주시고 만족합니다^^
감사합니당 모두 너무 친근하시고 좋으세요 ㅠ.ㅠ 
상담을 친절하게 해주세요
여기 맛보면 다른병원 못다녀요 ㅠㅠㅠ 진료, 검사, 해석, 처방 모두 완벽합니다!
의사선생님은 늘 친절 유쾌하게 상담해주시고 간호사선생님도 친절하고 좋으세요~ 특히 피 뽑는것, 느낌도 안날정도로 통증이 없어요!!
검사결과와 현재 몸상태에 대한 설명이 알아듣기 쉬워서 좋아요 건강이 하루 빨리 회복 되길 바라며  원장님 처방을 잘 따를것입니다 
좋아요.. ㅎㅎ 
소변유기산검사 했어요! 생각보다 건강해서 다행이에요 ㅠㅠㅠ 감사합니다💕🙏🏻
친절하세여
건강해진게 검사결과에 나타나서 너무 좋아요 원장님 조언대로 몸에 해로운것 안 하고 숨쉬기 운동만 했는데도 컨디션이 달라요 간호쌤들도 친절하시고 일도 잘하세요 여긴 진짜 어벤저스..!!
친절하시고 설명 잘 해주십니다
친절합니다 
비타민을 약국보다 저렴하게 구매  할수 있습니다.
굿
친절하시고 깨끗해요. 에너지넘치는 선생님께 진료잘받았습니다. 간호사선생님 주사 진짜 안아프게놓으심. 주사무서우신 분들은 방문해보세요ㅋㅋㅋ
ㅋ 주사맞고 좀 나아졌어요
주말내내 몸살로 앓다가 방문했어요 환자를 대하시는 의사샘이나 간호사샘들은 바쁜 와중에도 언제나 친절하시고 좋으세요 주사도 안아프게 놔 주시고
 의사샘의 자세한  설명은 자꾸만 이것저것 묻게되요~ 약도 먹고 주사도 맞았으니 얼릉 나았음 좋겠습니다
22년도에 코로나 걸린 후 심각하게 떨어진 면역력으로 고생하고 있을 때 미국에 의사선생님으로부터 올리브내과를 소개받아 23년 1월부터 다니는 중인
데요. 처음에 있었던 만성두통, 저혈압, 위장기능저하, 복부팽만, 헛구역질 등등이 1달도 안되어 좋아졌어요. 식단부터 어떻게 내몸관리를 해야하는지 
이렇게까지 자세하고 친절하게 안내해주시는 의사선생님은 대학병원 30년 인생에 처음인 것 같습니다. 항상 마음까지 치유받아요! ㅜㅠ 감사합...
의사선생님께서 자세하게 설명해주시고 간호사쌤들도 너무 친절하세요 감사합니다🙇🏻‍♀️
친절하시고 편안한 분위기에서 상담을 잘 해주세요.
친절하고 좋아요
의사 맞아요? 히포크라테스 선서 하신 분 맞나요? 걷지도 못하는 90세 노인 모시고 간 어머님이랑 할아버지를 비상 계단에 버려놓고 점심 먹으러 가야
하니까 1시간동안 나가라고 하는 게 정상인가요?  앉아 계시지도 못하는 할아버지 쇼파에서 기다리겠다고 하니 안된다고 쫓아낸게 어떻게 정상적인 병
원인가요?  휠체어 턱 높아서 건물 밖으로 다시 나가서 기다리기 어렵다고 하니까 건물주 아니니까 본인 책임 아니라고 했다면서요. 부모님도 안 ...
친절해요
의사 선생님 굉장히 친절하십니다. 상세하게 설명해 주시는데 주변에 이런 내과는 없는 것 같아요.
잘봐요
친절해서 좋아요~~
피곤해서 비타민 주사 맞고 왔어요~ 
원장님 간호사선생님 다 친절하시고 넘 좋으세요
다른병원 전전했던 지난날이 원통합니다. 원장님 솔루션대로 하니 만성질환들이 빠르고 쉽게 잡혔습니다~ 이제는 관리 차원에서 다니고 있어요 ^^
열이 난다고 무조건 열내리는 약을 처방해주시지 않고 열이 나는 원인을 찾아주십니다!
간호사쌤도 주사만 안아프게 놓으셨는데, 피 뽑는것도 엄청나세요! 
팔에 혈관이 많이 없어서 매번 실패하고 손등에서 뽑았는데, 팔에서 한번에 뽑아주셨어요~ 최고입니다!
수액 맞고 왔어요! 원장님 최고❤️❤️❤️
상담이 자세하고 친절해요.
친절해요 
수액이 진짜 좋아요! 항생제 처방안하시고 근본적으로 몸을 다시 원래 자리로 돌아가도록 해주셔서 치료에 부담이 없어요! 병원은 여기만 다니고싶어요🥹🥹🥹
간호사분들 의사선생님 모두 친절하세요~
원장님 넘 친절하시고 증상 어떤지 계속 체크해주셔서 좋아요. 덕분에 염증 대부분 다 나았고 변비 비염도 좋아졌어요.
원장님은 제 은인이세요❤️
청량리에 살지만 내과는 이곳으로 갑니다. 원장님 설명 늘 자세하게, 본인 일처럼 정성스럽게 상담해 주시고 간호사분들도 가족처럼 따뜻하세요
코막힘과 몸살때문에 다른 병원갔다가 코로나일거라며 처방해준 약을 4일이나 먹었는데 전혀 차도가 없어서 회사 근처로 검색해서 갔는데, 문제점 완전
콕 찝어주셔서 소름돋았어요ㅠㅠ 전혀 다른 처방해주셨는데 먹기 전이지만 좋아질거라는 확신이 듭니다! 명쾌한 진료 너무너무 감사드려요~~ 아픈일 
없으면 좋겠지만 아프면 무조건 여기로 와야겠어요! 주사도 하나도 안 아파요!
상세한 상담 감사합니다
항상 친절하게 상담과 진료를 잘해 주세요
피검사 하자고하자고 노래부르신 원장님~ 솔직히 결과 무섭게 나올까봐 지금껏 미루닥ᆢ 지난 목욜 피검사하고 오늘 결과보러 왔네요~ 생각보다 결과
가 괜찮다고 하셔서 기분좋게 병원 나옵니다~~ 오늘따라 원장님이 넘 이뻐보이시네용~~ 울 친절하고 이쁜 간호사님들두요~♡ 모두 즐주말 보내세용^^
오늘 피 뽑았어용 바늘이 굵다고 하는데 정말 1도 안아픈건  왜 일까요~~ 역시는 역시입니다 유능하신 의사샘~~ 친절하신 간호사샘~~ 늘 감사드려용~~
언제나 친절하게 치료를 잘 줘요
ㆍ
피곤할 때 올리브내과 가서 수액 맞고 옵니다.
염증 치료 잘 해주셔서 늘 감사해요! 
가족처럼 친절하고 진료도 잘 해요
좋으신 선생님ㅎ
가족같이 친절하게 진료를 해 주셔요^^
친절하고 꼼꼼하게 진료를 잘 해요
원장님 및 리셉 직원분들도 친절하시고 좋아요
친절하게 상담과 치료를 잘 해 주셔요
원장님 진료 자세하게 잘 봐주시고 데스크 직원분들도 친절하세요!
요즘 입술에 테이프 붙이고 자고 있어요🤐 오르막길을 걸어도, 빨리 걸어도 숨이 넉넉해요🤩 원장님이랑 간호사 쌤들 다 친절하시고 영양제랑 수액도 타병원보다 저렴하게 주셔서 좋아요🥹 병원이 힐링캠프가 되어버렸네요🙈
한달에서 두달정도 2~3주에 한번씩 내원하고 있어요. 원장님과 간호쌤들 덕분에 단기간에 건강이 정말 많이 회복되었어요. 원장님이 환자당 시간을 오래 잡아주시고 이야기를 경청해주셔서 좋아요. 그리고 자세한 설명까지! 그동안 미처 몰랐던 잘못된 습관들도 많이 개선되었어요 감사해요~
(+ 수액실 침대가 따뜻해서 좋아요🥹🙈)
친절하시다는 후기가 많아서 방문했는데 정말 모두가 친절하셔요!! 다른 병원에서 잃은 인류애 풀충전 하고 갑니다,, 감사해요,,, 진료도 깔끔하게 해주시고 설명도 정성스럽게 해주셔서 금방 나았습니다,,♥
친절
다들 너무 친절하세요~~
의사선생님 시원시원하세요. 알러지 두드러기때문에 방문했어요 알러지 환자들이 많이 방문하는 것 같더라구요, 진료도 이것저것 꼼꼼히  봐주셨습니
다 무엇보다 제 증상에 대해서 시원시원 이야기해주셔서 속이 아주 시원했어요 ㅋㅋ 회사 근처에 늦게까지하는 좋은 병원 하나 알게돼서 기분 좋습니당 
굿!
엄마 컨디션이 않좋으셔서 병원을 어디로 갈까 고민을 많이 하다 검색해서 댓글이 좋아 오게 된곳! 후기 말대로 의사선생님이 친절히 꼼꼼하게 설명 해
주셔서 너무 좋았고 간호사분들도 친절해서 너무 좋았어요. 동내 내과가 몇군데 있는데 너무 건성으로 봐주고 설명도 안해주고!  앞으로 내과는 이곳으
로 와야겠어요 
의사선생님 진짜 친절하시고 설명도 자세하게 잘 해주세요! 진짜 유쾌하셔요!ㅋㅋ
간호사쌤도 제가 혈관찾기 진짜 어려운데 수액맞을때 한번에 찾아주시고 엄마처럼 친절해요!
논현역에 내과찾기 진짜 힘든데 올리브내과가 있어서 너무 다행이에요.
진료 잘 봐주십니다!
유투브보고 발품팔아서 알게된 곳인데 요즘 몸이 너무 안좋은데 어디가 안좋은지 모르겟는데 원장님이 유투브에서 말씀하신 병이잇지않지만 건강하지
않은 상태 그게 저예요... 정말 친절하시고 친언니가 얘기해주는 느낌이용 ㅠㅡㅠ 정착쾅쾅
10월부터 무기력증과 부종, 변비에 시달려서 수소문 끝에 올리브 내과에 왔어요. 선생님이 몇개 검사를 보시고 뭐가 문제인지 알려주시고 적절히 치료해주셔서 감사했습니다. 정말 내몸이 왜그러는지 서러웠는데 이렇게 제게 맞는 진찰을 해주시고 항상 오면 진심으로 제 병세가 어떤지 들어주셔서 감사했습니다ㅠㅠ 진짜 쨩쨩 ㅠㅠ
원장님이 가이드해주시는대로만 하면 금방 낫습니다. ""이런다고 낫겠어?"" 하면 안낫습니다.
선생님넘좋아요~~ 
좋아요
굿
의사 선생님이 매우 적극적이고 친절하세요
처방해주신 약 먹고 금방 나았습니다
의사쌤 완저 호탕하고 장염걸려서 갔는데 엉덩이 주사맞고 진짜 많이 회복됐어요
장염때문에 방문했는데 여기 약먹고 선생님 금빛 처방받고 이젠 다 나았어요~~~감사합니당
여기 병원 너무 좋아요 환자가 낫을때까지 원장님과 간호사쌤들이 최선을 다해주십니다 기능의학 병원 내과 추천해요
진짜 원장선생님 너무 친절하시고 일차원으로 진료를 보지않고 원인을 잘 파악해주셔서 좋아요
여기 바가지 +간호사 아줌마 진짜싸가지없어요. 장난아닙니다.의사만친절.간호사들좀짜르세요 전 알레르기로 2일전응급실가서 13300원 내고 주사두
방+ 약처방받았는데요. 주사보다 수액이효과좋다면서 (8만원인거설명안해줌) + 알레르기검사1차 하자더니  다해서 11만원나왓네요. 새벽1시 차병원응
급실도 1.3만원나왓는데 효과또한 더좋은거없이 알레르기 안나앗어요. 게다가 동의없이 추가로검사진행했다고 돈더내라고하네요.돈밝히는병원 ...
원장님 친절하세요. 회사 근처라 네이버 지도 검색해서 갔는데 유명한 곳이었어요! 수액실도 편안하고 주사 자리도 잘 찾아주셔서 혈관 잘 없는 편인데도 한번에 했어요. 딱히 뭐라 병명은 없는데 살도 안빠지고ㅠ 소화불량에 두통 무월경 류마티스 현기증을 몇년간...ㅡㅡ 다년간 임상적으로 경험한 부분들을 원장님께서 콕콕 찝어주셔서 더 신뢰가 가고... 얼마나 많은 환자분들을 보셨는지 알 수 있었어요 :) 앞으로도 잘부탁드려요 ~
친절해요
의사쌤이 친절하세요
여기 짱좋아용~!! 
진료를 꼼꼼히 잘 봐주세요
코로나가 아직 완전히 소멸되진 않았지만 복도에서 진료받고 처방전 써주시는 건 좀 묘하네요 이런 진료환경은 낯설었어요
좋아요
기능의학과 명의 시라고 입소문으로 실력을 듣고 가게된 병원입니다. 치료 세달차인데 무척 많이 회복되어 주변에 계속 추천 중입니다. 저처럼 대학병원에서도 병명 못찾는 분들 꼭 추천 합니다. 

원장님 좋아요
친절해요
Good
모든 분들이 친절하세요
의사선생님께서 진료도 꼼꼼히 봐주십니다
친절해요
원장님 엄청 유쾌하시고 설명 잘해주셔서 편안하게 진료받고 왔습니당~ 빈혈때문에 간건데 빈혈에 좋은 약재료도 추천해주셔서 감사했어요!!!
원장님 너무 친절하시고, 자세한 상담 너무 좋습니다! 적극추천!
친절하게 진료봐주셔서 너무너무 감사했습니다:)
친절하게 설명을 잘 해주세요
수액 맛집이예요 원장님이 엄청 꼼꼼하고 친절하세용
원장님 늠늠 좋아요 글구 편해용ㅎ
친절하게 잘 설명해주십니다
친절하셔요 
갈때마다 친절하고 정성껏 진료해주시고 상담도 잘해주십니다 
의사샘 넘모 친절해용 "
비에비스나무병원,내과,"건강검진 처음 받아 봤는데 직원 분들 친절하시고, 검사도 잘해주시네요.
건강검진 했어요
친절해요
굿
외래진료 보고왔어요. 홍형주 선생님께 진료봤어요. 40평생 이런 선생님 처음이였어요. 친절하게 설명해주시는건 기본이고 환자의 말을 잘 들어주시고 그에 맞는 필요한 검사하고 같이 결과 보고 안심시켜 주셨어요. 위내시경 무서워 한다고 하니 원래 내시경 하시는날 아닌데도 직접해주셔서 감동먹고 갑니다. 상복부 통증때문에 방문했는데 누워보라하시더니 장기위치 하나하나 설명해주시고 너무 좋았습니다. 다시한번 감사합니다.
친절해요
이병원 진짜 최고입니다 의사두 간호사두 너무 친절합니다 하물며 발렛주차해주시는 분께서도 너무 친절하세요 병원도 깔끔하고 병명진단도 설명도 속
시원하게 해주시고 궁금한점 다 해결해주시고  최고의 병원 입니다
친절해요
굿
친절하고 좋습니다 ㅎ
굿
건강검진한 병원에서 대장 용종 제거를 위하여 소개시켜준 병원 용종제거를 위해 누우니 마취주사를 놓기도 전에 항문으로 기계를 먼저 삽입하더라 아
파서 소리 질러도 그냥 진행, 용종 제거후 대장이 아픈게 아니라 미친 간호사들 때문에 항문이 아프다 신고하고 싶을 정도의 병원이다 이 병원에서만 가
는한 수술을 해야 한다해도 절대로 갈일 없을듯….
친절하세요
친절  깨끗 상냥 차분👍
좋아요 
당일대장내시경 아침8시에가서 1인실병실에서 편안하게  쏵 비우고 검사완료 선생님도친절하시고 믿고가는병원
건강검진하러 가는 곳
좋앟머요
친절
좋아요 
선생님 친절해요
굿
관계자님들 모두 친절해서 좋아요
수면 내시경끝나고 어떤 순서로 환자가 가야되는지 교육좀 시켜주세요. 일어서다가 재수없어서 넘어지면 다 책임질껀가요.  꽤 오래된 병원이라 믿고했는데  젤 기본적인게 안된거 아닌가요
의사도 간호사도 모두 친절하시고 좋은 병원이네요. 만족스럽습니다. 
남편이 일주일 넘게 지속된 변비와 물도 삼킬 수 없는복통으로 방문했습니다. 진료 보기까지 1시간, CT 찍을 때까지 2시간 대기했고 CT 판정 후 진료 볼
때까지다시 2시간을 대기했으나 의사는 묻는 말에만 겨우 대답할 뿐 어떤 원인인지, 솔루션은 무엇인지 진단 조차 내리지 못했고 첫 방문 이후 6시간 반
이 지나서야 응급실을 가보는 것도 방법이라고 했습니다. 병원의 존재 이유가 무엇인가요? 이런 병원이 왜 존재해야하나요? 아픈 분들 절대 가지 ...
굿
언제나 믿고 가는병원.
원장님이 일어나서 인사까지해서 맞이해주시고 궁금한것들도 자세히 설명해주셔서 너무믿음이 가네요
시설이 깨끗하고 친절합니다
검사 잘 받았습니다
친절해요 
굿
위 진료에 유명한 선생님이 계셔서 방문했었는데 만족합니다.
.
내시경 문제없이 진행했어요
친절하고 전문적이예요
굿
좋아요
굿
고혈압아니란다ㅋㅋㅋ
직원들이 친절해요
외래간호사 최악. 속쓰려서 내과2시에 예약하고 오늘 첫방문했는데 의사선생님이 위내시경해보자고 해서 나왔더니 외래간호사가 대뜸 금식하셨어요? 
아니요하니 어이없어함 마지막 식사는 언제하셨어요? 30분전이요 하니까 또 어이없어하면서 뭐드셨어요? 샌드위치요 하니까 샌드위치? 하면서 미간
을 찌푸림 속쓰려서 병원오는데 점심안먹고 금식하고 와야해요? 갑자기 오후 두시에 진료보고 내시경할 생각을 누가해요? 누가 오후 두시까지 ...
굿
아니 B형 간염 항체 있는지 없는지 판단하는 서류가 필요해서 갔는데. 선생님 진료는 무슨 진심으로 선생님은 네 나가셔서 피뽑으시면 돼요” 이 말만 했는 6,400원이나 받고. 다른 내과 전화해 보니까 30분 걸리는거 2시간 걸린다고 하고 다른병원 10,000원 - 15,000원이라는데 45,000원이나 내라고 해요....
굳
조아용
홍형주 선생님 꼼꼼하고 친절합니다
믿고맡기는 병원! 친절하고 확실한 진단! 병원은 가는일이 많아야 좋은곳이다.죽을병이아니라면... 몇년간 내시경 꾸준히 하고있구요. 할때마다 후유증
이나 불편한점 1도 없이 잘다니고있어요. 이번에 다른과 병명을 발견해주셔서 감사히 여기고있습니다. 다른병원 예약까지 해주셔서 어딜가야하는 고민
을 덜어주셨어요. ㅇㅌㅎ과장님 감사합니다!
간호사 의사 서비스 모두 아주 나쁨. 저급함. 생명이 돈
친절해요
친절해요
친절
정확
믿고 맡길수있는 최고의 병원입니다.
건강검진하러 왔어요.
믿음이 갑니다.
오태훈.이은경 의사샘 간호사 분 접수받는 직원분들 다들 하나 같이 너무 친절하세요. 검진결과는 좋지않지만 덕분에 마음편히 진료 잘 받고 왔습니다. 
건강하세요.^^
당일 대장내시경 편리하고 좋아요
친절해요
사람 많고 예약 오래걸리고 접수와 진료 간호사분들 까칠해요
접수 직원분  대응하는게  그렇게 친철하진않아요.  의사선생님은 친철 하셨서요
접수가 별로 친절하지 않은 느낌이에요 재방문 의사는 없습니다 제가 안내받았던 분만 그랬던 듯
안내가 제대로 안 되어서 쓸데없이 더 많이 기다리고 헛걸음하고 했네요 
검사 직원분들은 친절하셨어요
목요일날 내시경하고 금요일날 ct찍었는데  수납하면서 오늘 결과본다고 말했고 결과 듣고 수납할거 없다고 가라 그래서 갔는데 전화왔어요 진료비 460
0원 안내고 갔다고..ㅋㅋ 결과본다는게 진료본다는건데 당연히 같이 결제 해줘야되는거 아닌가요?? 전화못받았더니 두번이나 전화왔어요 다시 전화하
니 뭔지 몰라서 확인해보고 전화준다 그러고..조직검사하고 혹도 있다 그랬는데 혹시 뭐 잘못됐나 뭐 안좋은게 다른게 나왔나 그 몇분새에 오만가...
리모델링후 더 깨끗하고 넓고 친절합니다.아직 공사가 진행중인듯 마무리되면 더 좋을 것 같아요. 검진 맘 편히 했습니다.
친절하고 좋았어요
깨끗하고 좋아요
검진받은곳
여기 가고 금방 나았어요
좋아요"
