Playlist,Artist,Song
K-Pop Mix,(G)I-DLE,I Want That
K-Pop Mix,FIFTY FIFTY,Cupid – Twin Ver. (feat. Sabrina Carpenter)
K-Pop Mix,Stray Kids,LALALALA
K-Pop Mix,Girls' Generation,Gee
K-Pop Mix,NewJeans,Hype Boy
K-Pop Mix,KARD,Bomb Bomb
K-Pop Mix,BTS,Run BTS
K-Pop Mix,Red Velvet,Peek-A-Boo
K-Pop Mix,ENHYPEN,Bite Me
K-Pop Mix,MONSTA X,HERO
K-Pop Mix,AOA,Like a Cat
K-Pop Mix,EVERGLOW,DUN DUN
K-Pop Mix,aespa,Savage
K-Pop Mix,JISOO,FLOWER
K-Pop Mix,VIXX,Chained Up
K-Pop Mix,KARD,Oh NaNa (Hidden. HUR YOUNG JI)
K-Pop Mix,Red Velvet,Psycho
K-Pop Mix,OH MY GIRL,Nonstop
K-Pop Mix,EVERGLOW,FIRST
K-Pop Mix,EXO,Obsession
K-Pop Mix,Orange Caramel,Catallena
K-Pop Mix,PSY,That That (prod.&feat. SUGA of BTS)
K-Pop Mix,NU'EST,FACE
K-Pop Mix,Block B,닐리리맘보
K-Pop Mix,OH MY GIRL,Dolphin
K-Pop Mix,Weeekly,After School
K-Pop Mix,NCT,BOSS
K-Pop Mix,(G)I-DLE,MY BAG
K-Pop Mix,TOMORROW X TOGETHER,Tinnitus (Wanna be a rock)
K-Pop Mix,NAYEON,POP!
K-Pop Mix,BTS,Boy With Luv (feat. Halsey)
K-Pop Mix,TAEMIN,MOVE
K-Pop Mix,CLC,Hobgoblin
K-Pop Mix,Red Velvet,Bad Boy
K-Pop Mix,SUNMI,Heroine
K-Pop Mix,GOT7,Hard Carry
K-Pop Mix,SISTAR,SHAKE IT
K-Pop Mix,BTS,MIC Drop (Steve Aoki Remix) - Full Length Edition
K-Pop Mix,CIX,Movie Star
K-Pop Mix,Apink,Mr. Chu
K-Pop Mix,BLACKPINK,Shut Down
K-Pop Mix,GOT the beat,Step Back
K-Pop Mix,Kep1er,WA DA DA
K-Pop Mix,BIGBANG,FANTASTIC BABY - Japanese ver.
K-Pop Mix,BTS,DNA
K-Pop Mix,Apink,%%(Eung Eung)
K-Pop Mix,AOA,Heart Attack
K-Pop Mix,T-ARA,DAY BY DAY
K-Pop Mix,CL,Hello Bitches
K-Pop Mix,EXO,The Eve
K-Pop ON! (온),TAEYEON,To. X
K-Pop ON! (온),THE BOYZ,WATCH IT
K-Pop ON! (온),BANG YEDAM,Only One
K-Pop ON! (온),ENHYPEN,Sweet Venom
K-Pop ON! (온),LE SSERAFIM,Perfect Night
K-Pop ON! (온),aespa,Drama
K-Pop ON! (온),DPR IAN,Don't Go Insane
K-Pop ON! (온),Stray Kids,LALALALA
K-Pop ON! (온),JEON SOYEON,NOBODY
K-Pop ON! (온),Red Velvet,Chill Kill
K-Pop ON! (온),TAEMIN,Guilty
K-Pop ON! (온),Jung Kook,Standing Next to You
K-Pop ON! (온),Jung Kook,3D (feat. Jack Harlow)
K-Pop ON! (온),KISS OF LIFE,Bad News
K-Pop ON! (온),VIVIZ,MANIAC
K-Pop ON! (온),IVE,Baddie
K-Pop ON! (온),Crush,Hmm-cheat
K-Pop ON! (온),ZEROBASEONE,CRUSH
K-Pop ON! (온),SEVENTEEN,God of Music
K-Pop ON! (온),(G)I-DLE,I Want That
K-Pop ON! (온),AKMU,Love Lee
K-Pop ON! (온),RIIZE,Talk Saxy
K-Pop ON! (온),ENHYPEN,Bite Me
K-Pop ON! (온),JENNIE,You & Me
K-Pop ON! (온),(G)I-DLE,Queencard
K-Pop ON! (온),SEVENTEEN,Super
K-Pop ON! (온),ITZY,CAKE
K-Pop ON! (온),IVE,I AM
K-Pop ON! (온),TOMORROW X TOGETHER,Chasing That Feeling
K-Pop ON! (온),Epik High,Screen Time (Feat. Hoshi of SEVENTEEN)
K-Pop ON! (온),LE SSERAFIM,UNFORGIVEN (feat. Nile Rodgers)
K-Pop ON! (온),LE SSERAFIM,ANTIFRAGILE
K-Pop ON! (온),JEON SOMI,Fast Forward
K-Pop ON! (온),NewJeans,OMG
K-Pop ON! (온),Dynamicduo,"Smoke (Prod. Dynamicduo, Padi)"
K-Pop ON! (온),HWASA,I Love My Body
K-Pop ON! (온),aespa,Spicy
K-Pop ON! (온),NCT 127,Fact Check
K-Pop ON! (온),NewJeans,Super Shy
K-Pop ON! (온),IVE,Off The Record
K-Pop ON! (온),Stray Kids,S-Class
K-Pop ON! (온),aespa,Better Things
K-Pop ON! (온),RIIZE,Get A Guitar
K-Pop ON! (온),(G)I-DLE,I DO
K-Pop ON! (온),League of Legends,GODS
K-Pop ON! (온),IVE,Either Way
K-Pop ON! (온),NewJeans,Cool With You
K-Pop ON! (온),TOMORROW X TOGETHER,Back for More (with Anitta)
K-Pop ON! (온),HWASA,Chili
K-Pop ON! (온),JUNNY,INVITATION (Feat. Gaeko)
BEST KPOP 2023 - TOP HITS,Jung Kook,Seven (feat. Latto) (Explicit Ver.)
BEST KPOP 2023 - TOP HITS,NewJeans,Super Shy
BEST KPOP 2023 - TOP HITS,LE SSERAFIM,Perfect Night
BEST KPOP 2023 - TOP HITS,JENNIE,You & Me
BEST KPOP 2023 - TOP HITS,BABYMONSTER,BATTER UP
BEST KPOP 2023 - TOP HITS,ENHYPEN,Sweet Venom
BEST KPOP 2023 - TOP HITS,Red Velvet,Chill Kill
BEST KPOP 2023 - TOP HITS,JEON SOYEON,NOBODY
BEST KPOP 2023 - TOP HITS,aespa,Drama
BEST KPOP 2023 - TOP HITS,Stray Kids,LALALALA
BEST KPOP 2023 - TOP HITS,ALIRZA,Miles
BEST KPOP 2023 - TOP HITS,Husse,HELLO KITTY
BEST KPOP 2023 - TOP HITS,IVE,Baddie
BEST KPOP 2023 - TOP HITS,TOMORROW X TOGETHER,Chasing That Feeling
BEST KPOP 2023 - TOP HITS,Bad Computer,Electric
BEST KPOP 2023 - TOP HITS,SEVENTEEN,God of Music
BEST KPOP 2023 - TOP HITS,Madhertz,Beg for Love
BEST KPOP 2023 - TOP HITS,League of Legends,GODS
BEST KPOP 2023 - TOP HITS,TAEMIN,Guilty
BEST KPOP 2023 - TOP HITS,VIVIZ,MANIAC
BEST KPOP 2023 - TOP HITS,ALIRZA,The Greatest
BEST KPOP 2023 - TOP HITS,AKMU,Love Lee
BEST KPOP 2023 - TOP HITS,DVMON,Typical Love
BEST KPOP 2023 - TOP HITS,Jung Kook,3D (feat. Jack Harlow)
BEST KPOP 2023 - TOP HITS,(G)I-DLE,I Want That
BEST KPOP 2023 - TOP HITS,ALIRZA,To Your Heart
BEST KPOP 2023 - TOP HITS,Husse,tens of them
BEST KPOP 2023 - TOP HITS,NCT 127,Fact Check
BEST KPOP 2023 - TOP HITS,will hyde,misfit.
BEST KPOP 2023 - TOP HITS,JEON SOMI,Fast Forward
BEST KPOP 2023 - TOP HITS,HWASA,I Love My Body
BEST KPOP 2023 - TOP HITS,ALIRZA,Where the Bottles?!
BEST KPOP 2023 - TOP HITS,aespa,Better Things
BEST KPOP 2023 - TOP HITS,JIHYO,Killin’ Me Good
BEST KPOP 2023 - TOP HITS,ITZY,CAKE
BEST KPOP 2023 - TOP HITS,XG,NEW DANCE
BEST KPOP 2023 - TOP HITS,STAYC,Bubble
BEST KPOP 2023 - TOP HITS,Madhertz,Ride or Die
BEST KPOP 2023 - TOP HITS,Jung Kook,Standing Next to You
BEST KPOP 2023 - TOP HITS,Vince B,Lost Boy
BEST KPOP 2023 - TOP HITS,TOMORROW X TOGETHER,Back for More (with Anitta)
BEST KPOP 2023 - TOP HITS,NewJeans,ETA
BEST KPOP 2023 - TOP HITS,IVE,Off The Record
BEST KPOP 2023 - TOP HITS,V,Slow Dancing
BEST KPOP 2023 - TOP HITS,EVERGLOW,SLAY
BEST KPOP 2023 - TOP HITS,BOYNEXTDOOR,But Sometimes
BEST KPOP 2023 - TOP HITS,IVE,Either Way
BEST KPOP 2023 - TOP HITS,RIIZE,Get A Guitar
BEST KPOP 2023 - TOP HITS,KWON EUNBI,The Flash
BEST KPOP 2023 - TOP HITS,Madhertz,One of a Kind
BEST KPOP 2023 - TOP HITS,KISS OF LIFE,Shhh
BEST KPOP 2023 - TOP HITS,NCT U,Baggy Jeans
BEST KPOP 2023 - TOP HITS,LE SSERAFIM,"Eve, Psyche & The Bluebeard’s wife"
BEST KPOP 2023 - TOP HITS,TREASURE,BONA BONA
BEST KPOP 2023 - TOP HITS,TOMORROW X TOGETHER,Do It Like That
BEST KPOP 2023 - TOP HITS,NMIXX,Party O'Clock
BEST KPOP 2023 - TOP HITS,FIFTY FIFTY,Cupid
BEST KPOP 2023 - TOP HITS,(G)I-DLE,Queencard
BEST KPOP 2023 - TOP HITS,V,Love Me Again
BEST KPOP 2023 - TOP HITS,XG,TGIF
BEST KPOP 2023 - TOP HITS,tripleS,Girls’ Capitalism
BEST KPOP 2023 - TOP HITS,NewJeans,Cool With You
BEST KPOP 2023 - TOP HITS,(G)I-DLE,I DO
BEST KPOP 2023 - TOP HITS,EXO,Cream Soda
BEST KPOP 2023 - TOP HITS,Jimin,Like Crazy
BEST KPOP 2023 - TOP HITS,ZEROBASEONE,In Bloom
BEST KPOP 2023 - TOP HITS,XG,GRL GVNG
BEST KPOP 2023 - TOP HITS,ATEEZ,BOUNCY (K-HOT CHILLI PEPPERS)
BEST KPOP 2023 - TOP HITS,NMIXX,Roller Coaster
BEST KPOP 2023 - TOP HITS,NCT DREAM,ISTJ
BEST KPOP 2023 - TOP HITS,Stray Kids,S-Class
BEST KPOP 2023 - TOP HITS,IVE,I AM
BEST KPOP 2023 - TOP HITS,BTS,Take Two
BEST KPOP 2023 - TOP HITS,LE SSERAFIM,UNFORGIVEN (feat. Nile Rodgers)
BEST KPOP 2023 - TOP HITS,YENA,Hate Rodrigo (Feat. YUQI)
BEST KPOP 2023 - TOP HITS,NCT DREAM,Broken Melodies
BEST KPOP 2023 - TOP HITS,BBGIRLS,ONE MORE TIME
BEST KPOP 2023 - TOP HITS,JO YURI,TAXI
BEST KPOP 2023 - TOP HITS,NewJeans,New Jeans
BEST KPOP 2023 - TOP HITS,JISOO,FLOWER
BEST KPOP 2023 - TOP HITS,TREASURE,MOVE (T5)
BEST KPOP 2023 - TOP HITS,EXO,Hear Me Out
BEST KPOP 2023 - TOP HITS,YENA,WICKED LOVE
BEST KPOP 2023 - TOP HITS,SHINee,HARD
BEST KPOP 2023 - TOP HITS,ENHYPEN,Bite Me
BEST KPOP 2023 - TOP HITS,KANGDANIEL,SOS
BEST KPOP 2023 - TOP HITS,NewJeans,OMG
BEST KPOP 2023 - TOP HITS,aespa,Spicy
BEST KPOP 2023 - TOP HITS,EXO,Let Me In
BEST KPOP 2023 - TOP HITS,SEVENTEEN,Super
BEST KPOP 2023 - TOP HITS,fromis_9,#menow
BEST KPOP 2023 - TOP HITS,LEE CHAE YEON,KNOCK
BEST KPOP 2023 - TOP HITS,Dreamcatcher,BONVOYAGE
BEST KPOP 2023 - TOP HITS,NCT DOJAEJUNG,Perfume
BEST KPOP 2023 - TOP HITS,Agust D,People Pt.2 (feat. IU)
BEST KPOP 2023 - TOP HITS,IVE,Kitsch
BEST KPOP 2023 - TOP HITS,TAEYANG,Shoong! (feat. LISA of BLACKPINK)
BEST KPOP 2023 - TOP HITS,aespa,Hold On Tight
BEST KPOP 2023 - TOP HITS,Jimin,Set Me Free Pt.2
BEST KPOP 2023 - TOP HITS,BOYNEXTDOOR,One and Only
